"wildfire","datetime","city","state","population","latitude","longitude","computed_daynight_sza","brightness","temp_C","wind","humidity","cloud_cover","precipitation","ndvi","elevation","soil_moisture"
0,"2020-01-17 09:17:47.171975",NA,NA,NA,-21.958991672063,116.256234383546,"D",0,29.8,9.3,61,91,0,0.1937,317,0.0848578587174416
0,"2020-02-02 19:34:39.347349",NA,NA,NA,-28.0733868562037,128.439117040511,"N",0,18.9,18.7,55,0,0,0.1886,344,0.0511912740767002
0,"2020-06-05 10:03:24.605032","Nuriootpa","South Australia",6204,-34.3112643618497,139.339636720018,"D",0,5.5,7.6,90,3,0,0.2594,79,0.104837611317635
0,"2020-05-27 19:54:11.126882","Innisfail","Queensland",1091,-17.6208534034486,146.037391591273,"D",0,21.2,7,72,4,0,0.6629,7,0.233897283673286
0,"2020-07-09 10:02:41.518226","Cobar","New South Wales",3369,-31.319976975566,145.344575017686,"N",0,11.9,13.6,77,95,0,0.598,225,0.069659411907196
0,"2020-08-11 20:52:12.457627","Narrabri","New South Wales",5499,-30.7986192016927,149.730162226936,"D",0,14,16.2,70,76,0,0.6935,434,0.157944679260254
0,"2020-08-06 20:10:36.835698",NA,NA,NA,-19.5284982547196,132.814048552123,"N",0,13.2,9.6,37,0,0,0.214,253,0.0424478203058243
0,"2020-03-04 10:07:51.370571",NA,NA,NA,-29.0523143671741,123.536882932536,"D",0,20.9,20.9,38,0,0,0.226,467,0.0562318041920662
0,"2020-04-27 20:59:39.208692",NA,NA,NA,-22.1892154068535,127.546138684555,"N",0,24.7,14.3,35,56,0,0.1702,373,0.0373754650354385
0,"2020-06-10 09:23:16.67722",NA,NA,NA,-25.9093214829704,142.126031920465,"N",0,15.4,7.5,44,1,0,0.2291,108,0.139972284436226
0,"2020-07-16 10:15:09.546729","Yass","New South Wales",5837,-34.3140757402743,149.006566798144,"D",0,3.8,5.4,94,28,0,0.8332,571,0.245319366455078
0,"2020-11-21 19:48:58.794799",NA,NA,NA,-30.1580171101966,126.215890434617,"D",0,17.6,23.9,61,19,0,0.1638,237,0.0716925412416458
0,"2020-04-23 20:26:32.42747","Stawell","Victoria",5627,-37.3077015834386,142.409389947393,"N",0,12.1,10.8,90,85,0,0.7307,261,0.109652705490589
0,"2020-05-25 20:16:04.023791",NA,NA,NA,-23.6958042608177,128.593283527925,"D",0,12.4,14,81,100,0.1,0.1744,460,0.0311905704438686
0,"2020-08-27 20:51:16.689492",NA,NA,NA,-21.7769139559024,143.819053522049,"N",0,19.1,17.8,48,0,0,0.1525,317,0.165104389190674
0,"2020-11-03 10:06:26.874194","Mansfield","Victoria",3999,-36.9873753720238,146.05106355149,"D",0,18,15.4,64,0,0,0.7624,324,0.3994260430336
0,"2020-12-05 10:30:45.839186","Red Cliffs","Victoria",3070,-34.0008283291993,143.466303246557,"N",0,13.9,23,50,0,0,0.2741,72,0.0827535539865494
0,"2020-07-09 19:33:51.958543",NA,NA,NA,-23.8870109013457,135.034765504058,"D",0,10.4,6.9,50,0,0,0.2151,414,0.0435998179018497
0,"2020-09-19 09:44:15.524578",NA,NA,NA,-27.0453366596028,143.925663065454,"N",0,20.8,28.6,68,28,0,0.1965,212,0.0616675615310669
0,"2020-04-25 10:17:28.441175",NA,NA,NA,-30.3755570789468,132.871428467267,"D",0,19.2,19.3,84,98,0,0.2244,203,0.041618138551712
0,"2020-05-14 21:30:00.996715",NA,NA,NA,-27.7767657076007,139.855695602422,"N",0,11.2,15.3,50,91,0,0.1842,34,0.0760231390595436
0,"2020-03-13 18:45:10.898003","Launceston","Tasmania",80943,-41.1066816759711,147.860525076829,"D",0,10.1,12.2,58,0,0,0.7656,207,0.293718338012695
0,"2020-03-29 20:04:30.594179","West Wyalong","New South Wales",2698,-33.5811784940418,146.729920966434,"D",0,19.9,10.5,87,98,0.1,0.3171,281,0.101945981383324
0,"2020-12-03 21:28:24.61162",NA,NA,NA,-23.6360521651602,116.833697218746,"N",0,30.3,10.9,47,20,0,0.1388,358,0.0485514439642429
0,"2020-04-09 09:46:35.755431",NA,NA,NA,-30.5250894474104,140.094903322715,"D",0,18.9,3.2,51,0,0,0.1186,29,0.0418781191110611
0,"2020-04-07 21:00:16.787984","Griffith","New South Wales",18196,-34.5262593180562,145.673571554465,"N",0,14.8,6,67,89,0,0.2024,113,0.1237483471632
0,"2020-03-24 21:08:34.798539",NA,NA,NA,-23.100661335298,124.76930423833,"D",0,26.4,21.9,31,18,0,0.185,404,0.0354998856782913
0,"2020-04-03 20:55:13.796451",NA,NA,NA,-25.462304694877,130.352439412086,"D",0,13.2,26,54,4,0,0.1631,621,0.0305509474128485
0,"2020-03-23 18:11:32.928105","Perth","Western Australia",2141834,-30.9998211913314,117.040682570084,"D",0,16.9,18.8,64,0,0,0.2726,347,0.0998277366161346
0,"2020-12-24 20:29:34.113878",NA,NA,NA,-20.6508500838742,118.451443664053,"N",0,29.8,7.9,33,17,0,0.3206,44,0.121265664696693
0,"2020-04-20 09:27:29.259549",NA,NA,NA,-21.9107436277218,139.285799561995,"D",0,25.4,13.7,13,0,0,0.1922,310,0.0715345144271851
0,"2020-04-30 09:56:17.708467",NA,NA,NA,-23.7542137086429,147.976096127225,"D",0,19.9,22.2,46,14,0,0.2484,237,0.227531582117081
0,"2020-07-05 21:30:19.356756",NA,NA,NA,-20.9578372077984,137.954863229175,"N",0,11.6,21.1,41,0,0,0.1936,194,0.0652482658624649
0,"2020-07-06 20:29:37.309541",NA,NA,NA,-23.3430219872662,127.93788295853,"N",0,9,18.4,48,0,0,0.1563,487,0.0425731278955936
0,"2020-02-21 20:54:40.869333",NA,NA,NA,-29.3359174845252,142.552411644646,"N",0,26.9,20.4,24,49,0,0.1114,88,0.127161249518394
0,"2020-12-09 08:59:25.427154",NA,NA,NA,-17.5902481730042,140.696568833265,"D",0,29.9,14.3,78,41,0,0.1688,4,0.131890445947647
0,"2020-03-12 18:51:19.454085",NA,NA,NA,-28.9366238499283,122.289518185203,"D",0,20.2,26.7,62,100,0,0.1263,402,0.0650698319077492
0,"2020-04-13 20:59:11.700723",NA,NA,NA,-24.7790613100401,146.792800467769,"N",0,20.9,17.1,67,2,0,0.4899,547,0.0941092446446419
0,"2020-02-18 08:52:34.96409",NA,NA,NA,-30.0728856331648,140.581889783096,"D",0,24.3,27.2,33,0,0,0.1375,64,0.0314080268144608
0,"2020-04-19 20:04:35.144063",NA,NA,NA,-19.9213326626852,136.963332303671,"D",0,26.5,5.6,25,66,0,0.2304,232,0.160388931632042
0,"2020-08-31 19:51:14.923242",NA,NA,NA,-26.1849032236066,131.42113086288,"N",0,13.3,14.8,41,0,0,0.1038,948,0.0505191683769226
0,"2020-01-27 20:27:16.303799","Bourke","New South Wales",1535,-30.0045079089537,145.638155626305,"D",0,35.7,6.9,36,13,0,0.2098,116,0.149632483720779
0,"2020-05-25 20:28:40.091618",NA,NA,NA,-25.8930334761368,113.743309907045,"D",0,16,16.3,81,78,0,0.2322,17,0.0376259982585907
0,"2020-08-22 10:01:24.561172",NA,NA,NA,-32.6806844771425,123.931337330797,"N",0,13.1,12.3,62,100,0,0.3591,148,0.159241646528244
0,"2020-07-19 09:06:56.911435","Rutherglen","Victoria",2324,-36.4495728517767,146.45578533331,"N",0,8.1,18.5,82,39,0.1,0.8374,163,0.237332314252853
0,"2020-04-11 19:48:13.911478",NA,NA,NA,-23.4363384727902,124.237657312642,"D",0,22.4,8.7,26,0,0,0.1773,381,0.0366634540259838
0,"2020-04-25 21:09:52.564285",NA,NA,NA,-20.1329134709174,128.921845328284,"D",0,26.4,12.5,26,0,0,0.2573,449,0.0691594183444977
0,"2020-04-06 19:29:16.316162",NA,NA,NA,-28.8583999179863,127.712917773612,"N",0,18.9,13.3,45,100,0,0.271,293,0.0463272519409657
0,"2020-02-02 19:31:23.402511","New Norfolk","Tasmania",5432,-42.2325532065986,146.834926475575,"N",0,5.8,21.6,83,86,0.2,0.2946,596,0.22204901278019
0,"2020-08-17 16:38:15.034026",NA,NA,NA,-20.2627792041236,132.834368545661,"N",0,19.8,4,39,0,0,0.2056,320,0.0340213403105736
0,"2020-06-03 19:53:36.119027",NA,NA,NA,-26.8034185823019,131.590429085195,"D",0,7.9,13,87,0,0,0.1857,557,0.0335749723017216
0,"2020-08-14 09:37:40.76073",NA,NA,NA,-24.2178670810473,119.163448663196,"D",0,13.6,11.6,32,0,0,0.1288,579,0.0962339863181114
0,"2020-01-31 08:43:50.807587","Boulder","Western Australia",4825,-30.5234555878221,120.9756112925,"N",0,24.5,19.7,29,0,0,0.1752,408,0.0462195575237274
0,"2020-03-28 08:54:49.765149","Oakdale","New South Wales",1179,-34.0241824045957,150.206686631538,"D",0,15.1,0.5,83,100,0.1,0.6973,574,0.247641116380692
0,"2020-04-02 19:33:23.7004",NA,NA,NA,-30.2814120976069,119.520651390105,"D",0,13.4,14.3,78,98,0,0.3071,475,0.0609873458743095
0,"2020-07-14 10:19:38.027341","Gladstone","Queensland",34703,-24.1210067769003,151.024128635296,"N",0,9.6,4.7,67,0,0,0.4555,97,0.194959327578545
0,"2020-10-02 20:55:06.993856",NA,NA,NA,-25.5278382841097,139.468309586348,"D",0,31,29.6,18,0,0,0.1264,58,0.0453580655157566
0,"2020-12-13 19:07:29.703711",NA,NA,NA,-18.350544500827,129.691913323529,"N",0,25.5,7.5,82,84,0.1,0.2831,424,0.114344894886017
0,"2020-05-27 09:02:56.036148","Leongatha","Victoria",5654,-38.5897972427854,146.179800028418,"D",0,8.9,11.4,96,36,0,0.8433,260,0.355734944343567
0,"2020-05-09 10:32:57.945706",NA,NA,NA,-20.37122994026,123.76353430877,"D",0,23.4,18.3,23,0,0,0.165,284,0.0400058999657631
0,"2020-07-10 21:08:42.199891",NA,NA,NA,-22.0898776318294,119.796866474345,"N",0,12.6,24.3,49,0,0,0.2047,486,0.0996112823486328
0,"2020-06-22 20:42:35.296992",NA,NA,NA,-15.8454265036254,143.978284063047,"N",0,22,3.6,61,0,0,0.6071,319,0.25604048371315
0,"2020-10-02 20:49:46.439105","Boulder","Western Australia",4825,-31.422626893578,121.815478743419,"N",0,10.1,18.8,89,100,0.8,0.3343,307,0.06606075912714
0,"2020-08-29 17:54:44.734867","Margate","Tasmania",2572,-43.5239302947684,146.973142907872,"D",0,11.7,7.4,66,89,0,-0.9999,0,0.208863824605942
0,"2020-06-19 09:35:14.505981",NA,NA,NA,-27.167918075055,134.032510109159,"N",0,14.5,18.7,46,0,0,0.1603,359,0.0551243424415588
0,"2020-09-27 09:35:31.941118",NA,NA,NA,-23.4818808382877,127.5453689317,"D",0,25.2,20.5,38,9,0,0.1682,423,0.0299704950302839
0,"2020-03-24 19:04:16.506518",NA,NA,NA,-30.3472154928303,140.633854732596,"D",0,19,16.3,56,0,0,0.1591,60,0.0420687273144722
0,"2020-06-25 20:48:07.082318","Griffith","New South Wales",18196,-34.1530577182455,146.443361793116,"D",0,8.9,10,86,0,0,0.5385,147,0.136515378952026
0,"2020-09-03 21:13:55.695717",NA,NA,NA,-31.3021444713125,144.002333580265,"N",0,17.6,21.5,40,7,0,0.2308,83,0.209953188896179
0,"2020-07-05 10:35:30.158253",NA,NA,NA,-25.616480958381,136.607042970982,"N",0,8.4,15.6,62,0,0,0.1805,109,0.042022991925478
0,"2020-06-16 09:59:12.616904",NA,NA,NA,-25.9886077237778,115.570601386245,"D",0,18.6,0.8,24,0,0,0.1255,283,0.0365157648921013
0,"2020-03-22 09:09:45.46255","Walgett","New South Wales",1377,-28.8116785167791,148.502829328658,"N",0,24,15.2,35,0,0,0.2907,171,0.130801483988762
0,"2020-08-05 19:17:57.09732",NA,NA,NA,-17.6812941900651,139.449951835946,"N",0,22.8,13,77,65,0,0.3812,4,0.16514265537262
0,"2020-11-16 19:13:25.173528",NA,NA,NA,-25.0725715968154,124.725730304964,"N",0,29.6,30.8,20,0,0,0.1053,458,0.0247399155050516
0,"2020-04-07 20:27:32.271047",NA,NA,NA,-13.7688097989401,135.904118297918,"N",0,27.2,8.2,80,87,0.3,-0.9999,0,0.173724099993706
0,"2020-10-02 09:28:27.561227",NA,NA,NA,-31.7082191366701,118.18499593968,"N",0,12.2,17.6,52,90,0,0.3638,276,0.081937737762928
0,"2020-11-21 08:46:27.909179",NA,NA,NA,-20.9337964397153,137.243588520151,"D",0,30.9,12.7,24,0,0,0.2421,220,0.0430766567587852
0,"2020-04-19 19:16:43.790059",NA,NA,NA,-25.4193541380737,136.415327357037,"N",0,25.1,18.8,20,51,0,0.2085,122,0.0461550503969193
0,"2020-12-21 10:16:35.985393",NA,NA,NA,-25.2116580279002,135.651167391523,"D",0,20.2,12.3,86,99,0,0.1783,172,0.0495087131857872
0,"2020-03-05 21:56:34.305391","Bourke","New South Wales",1535,-29.6010751890087,144.498190679369,"D",0,21.5,13.5,74,39,0,0.2671,114,0.0646078512072563
0,"2020-07-02 20:10:15.863926",NA,NA,NA,-22.3971372324785,122.901769516339,"N",0,17.1,23.5,33,93,0,0.2056,263,0.084402322769165
0,"2020-09-13 09:52:32.667412","Inverell","New South Wales",9654,-29.1112338614045,150.640061273335,"N",0,13.4,8.8,59,11,0,0.736,327,0.210346341133118
0,"2020-10-25 19:59:38.964315",NA,NA,NA,-26.4776986396716,131.751438990034,"N",0,15,24.3,28,0,0,0.2506,603,0.0467748455703259
0,"2020-02-09 19:57:09.547974",NA,NA,NA,-21.6995060234336,138.160326131922,"N",0,31,9.5,25,0,0,0.2367,183,0.183393031358719
0,"2020-03-06 10:08:32.586676",NA,NA,NA,-24.3177141813578,138.146563340906,"D",0,19.7,10.7,76,0,0,0.1939,101,0.044957846403122
0,"2020-04-18 20:02:31.520785",NA,NA,NA,-28.8661574601781,117.97525565282,"D",0,17.8,10.3,75,57,0,0.2287,461,0.0696013122797012
0,"2020-01-29 20:29:58.937142",NA,NA,NA,-27.626529027245,128.266783924859,"D",0,34,14.1,29,0,0,0.1535,403,0.0643735229969025
0,"2020-09-02 18:29:03.329181",NA,NA,NA,-28.3041575535407,132.138764964297,"N",0,12.8,2.5,37,0,0,0.2006,305,0.0438191331923008
0,"2020-05-27 21:21:17.320588",NA,NA,NA,-28.1257922048409,133.564627519356,"D",0,10.1,3.7,56,2,0,0.1449,216,0.0327078402042389
0,"2020-01-15 09:56:39.193908",NA,NA,NA,-30.3760493803599,124.879409704372,"N",0,22.2,22.4,65,4,0,0.1794,200,0.0804998353123665
0,"2020-03-13 18:26:16.152578",NA,NA,NA,-28.0023245814934,134.028594558907,"D",0,20.3,22.4,56,0,0,0.1775,279,0.0460775904357433
0,"2020-01-06 20:51:11.811649",NA,NA,NA,-17.0164687119453,141.680048320748,"N",0,30.8,13.4,60,98,0,0.2278,31,0.0729553177952766
0,"2020-04-15 20:10:46.468781",NA,NA,NA,-22.4373984232993,143.105628445131,"D",0,26.2,17.3,56,0,0,0.1656,191,0.163462236523628
0,"2020-10-04 20:54:23.427551",NA,NA,NA,-27.7208422793849,125.588175340185,"N",0,8.9,25,80,49,0.2,0.1929,368,0.0324767269194126
0,"2020-10-09 08:59:03.566015",NA,NA,NA,-22.0322809094246,120.531147780917,"N",0,26.2,14.1,19,0,0,0.1533,443,0.0711154639720917
0,"2020-10-07 20:15:24.416169","Inverell","New South Wales",9654,-30.1350671665848,151.036668540451,"N",0,21,19.7,50,3,0,0.4626,643,0.14497110247612
0,"2020-03-05 18:54:29.402253",NA,NA,NA,-24.9331634839496,115.865942334537,"D",0,21.5,9,69,0,0,0.1717,229,0.0981817618012428
0,"2020-07-21 09:32:12.730886",NA,NA,NA,-22.0118050636725,126.802691494669,"N",0,17.5,15.9,36,0,0,0.1711,344,0.0426378175616264
0,"2020-05-31 20:20:31.283575",NA,NA,NA,-17.2271567517877,137.816309635423,"D",0,23.6,3.9,52,0,0,0.4626,95,0.0982680469751358
0,"2020-07-18 09:33:05.868734",NA,NA,NA,-19.5478926093358,141.471562017847,"D",0,15.4,9.3,22,0,0,0.2531,85,0.0607231110334396
0,"2020-05-18 21:24:37.076582",NA,NA,NA,-23.5207421596306,135.779734159012,"N",0,17.5,8.7,35,16,0,0.238,337,0.0413597077131271
0,"2020-03-22 21:22:45.978905",NA,NA,NA,-19.6152992974913,122.192951557039,"D",0,26.9,9.5,53,0,0,0.2429,93,0.0769848376512527
0,"2020-12-08 19:03:07.695512","Charters Towers","Queensland",8040,-20.2010565098741,144.916295724276,"D",0,28.9,7.2,53,28,0,0.3395,689,0.0584446080029011
0,"2020-01-01 09:54:33.375125","Boulder","Western Australia",4825,-31.4557544376694,120.295830273419,"N",0,23.6,24.1,49,0,0,0.177,466,0.0330067649483681
0,"2020-06-12 09:56:05.444396","Young","New South Wales",7712,-34.2497055616678,148.35263645689,"D",0,8.1,11.2,91,97,0,0.7597,523,0.183827355504036
0,"2020-01-14 20:04:18.514618",NA,NA,NA,-25.5615288509749,121.501558901655,"D",0,25.6,3.7,85,77,0,0.1455,530,0.0851090252399445
0,"2020-07-16 08:48:19.058918",NA,NA,NA,-21.6907013214259,122.840159660415,"D",0,15.1,10.1,17,0,0,0.164,325,0.043892152607441
0,"2020-07-11 08:24:32.232365","Drummond Cove","Western Australia",1477,-27.4479676688915,114.279719796783,"D",0,14.8,8.7,42,0,0,0.3206,198,0.0814759060740471
0,"2020-07-09 19:57:32.249653","Roxby Downs","South Australia",3671,-30.6773693210816,136.148112755446,"N",0,7.6,4.7,61,0,0,0.1624,117,0.0464574694633484
0,"2020-04-03 21:20:10.844147",NA,NA,NA,-17.8376816279547,133.385221122629,"N",0,31.3,16.4,53,75,0,0.5608,203,0.199064582586288
0,"2020-11-09 19:51:49.480968",NA,NA,NA,-16.7887779238909,131.773968812527,"D",0,31.1,18.3,58,0,0,0.2978,226,0.0766992121934891
0,"2020-04-05 21:25:29.778736",NA,NA,NA,-26.3090485986069,143.674725938861,"N",0,20.5,19.3,44,0,0,0.2362,167,0.106519632041454
0,"2020-08-10 10:03:07.85544",NA,NA,NA,-24.6834901161313,126.42052722389,"N",0,15.8,3.1,85,16,0,0.1337,451,0.0378104783594608
0,"2020-01-13 19:37:18.417443","Bourke","New South Wales",1535,-28.7886885220892,145.198408010115,"N",0,34.4,21.3,32,0,0,0.2198,163,0.0402410216629505
0,"2020-10-13 20:27:05.931087",NA,NA,NA,-26.4868791417215,127.231108687535,"D",0,26.8,21.1,14,0,0,0.1662,420,0.0486262105405331
0,"2020-09-14 20:42:19.958738",NA,NA,NA,-30.9115575834512,131.521107275696,"D",0,13.1,14,75,28,0,0.1674,83,0.0842190459370613
0,"2020-12-18 18:11:37.33296",NA,NA,NA,-21.1335045580052,132.914353209108,"N",0,29,17.9,58,87,0,0.1973,484,0.0535130016505718
0,"2020-07-19 08:48:18.298575","Red Cliffs","Victoria",3070,-35.3736885081439,141.594803545198,"D",0,6.8,9.2,82,2,0,0.5212,69,0.08296799659729
0,"2020-10-15 19:13:55.017074",NA,NA,NA,-26.6085746974719,149.270796291456,"D",0,22.8,10.5,46,0,0,0.2594,326,0.127498984336853
0,"2020-04-05 09:13:28.805012","Ipswich","Queensland",232930,-27.8732732265069,152.525324983407,"N",0,16.6,3.4,84,0,0,0.7851,137,0.389565646648407
0,"2020-04-09 21:24:30.982945","Saint Arnaud","Victoria",2126,-36.8040055523308,143.298569633236,"D",0,13.8,7.9,91,70,0,0.4602,286,0.19880910217762
0,"2020-07-20 09:52:01.465745","Mount Gambier","South Australia",25591,-37.4948294453655,141.545294905179,"D",0,7.1,6.8,97,96,0,0.7285,263,0.379527151584625
0,"2020-06-26 09:59:43.416692",NA,NA,NA,-22.6187093129815,137.004206322668,"N",0,11.8,16.2,37,0,0,0.1906,251,0.0416028201580048
0,"2020-06-07 19:30:00.054331",NA,NA,NA,-25.0227555624434,125.020410456146,"N",0,9.4,22.7,39,0,0,0.1497,511,0.0533173084259033
0,"2020-02-03 21:36:20.35149",NA,NA,NA,-27.3510510219306,124.271998988861,"D",0,22.2,19.3,39,0,0,0.1775,420,0.0980902165174484
0,"2020-05-08 19:40:21.497108",NA,NA,NA,-29.254831951014,133.564670700751,"D",0,13.1,20,78,14,0,0.1257,194,0.0441111698746681
0,"2020-04-16 09:54:07.152168",NA,NA,NA,-20.2051971768604,141.225181390162,"N",0,25.8,7.1,37,0,0,0.1716,90,0.158987864851952
0,"2020-11-04 20:29:27.485524",NA,NA,NA,-21.2070965450047,135.315511375075,"D",0,28.1,35.7,33,0,0,0.2204,390,0.0368243679404259
0,"2020-12-12 18:57:44.864125","Condobolin","New South Wales",2579,-32.1850542275877,146.978915014562,"N",0,22.5,17.5,42,72,0,0.3396,228,0.12024924904108
0,"2020-03-28 10:01:17.517738",NA,NA,NA,-27.6150060127758,121.474598199708,"D",0,27.6,17.3,30,12,0,0.2208,448,0.0714020729064941
0,"2020-07-28 21:31:02.90847","Whyalla","South Australia",21501,-32.580330888149,136.51966496896,"D",0,9.6,10.6,76,6,0,0.2427,256,0.0975881367921829
0,"2020-04-19 18:09:53.607832","Loxton","South Australia",3947,-35.6329167376655,140.599668331427,"N",0,15.9,22,85,99,0.1,0.4083,107,0.0505459755659103
0,"2020-09-02 08:46:32.974399",NA,NA,NA,-17.7774950704319,131.09422400587,"N",0,25.5,8.8,26,0,0,0.1935,228,0.0356261432170868
0,"2020-12-05 20:40:51.23488",NA,NA,NA,-24.7004040019714,132.670082877732,"N",0,24,26.6,36,52,0,0.1728,551,0.0293789748102427
0,"2020-09-23 09:37:57.108298",NA,NA,NA,-29.6656071496356,133.403812933052,"D",0,13.1,19.4,63,0,0,0.1737,156,0.0547281466424465
0,"2020-01-06 09:46:20.639647","Gladstone","Queensland",34703,-23.0951240190539,149.793227455103,"N",0,22.1,9.6,97,99,0,0.2322,86,0.0915665104985237
0,"2020-05-20 09:11:15.945863",NA,NA,NA,-23.2745002030537,147.241825686254,"N",0,16.9,10.8,99,100,0.2,0.2204,400,0.0952645242214203
0,"2020-03-07 17:36:01.354211",NA,NA,NA,-28.2917651445704,132.505274761759,"D",0,24.5,13,31,55,0,0.1878,309,0.0287169553339481
0,"2020-03-26 09:13:35.221208","Toowoomba","Queensland",108398,-27.3298175520835,151.843404031155,"N",0,18.4,15.2,85,45,0,0.5919,515,0.159953832626343
0,"2020-01-09 18:56:23.482836",NA,NA,NA,-18.6373517853806,126.039435378506,"N",0,27.4,14.8,82,95,0,0.2616,259,0.162262812256813
0,"2020-01-20 09:39:56.601663",NA,NA,NA,-18.5164961142055,127.981418159777,"D",0,24.9,7.9,87,78,0,0.2317,335,0.0947816967964172
0,"2020-08-17 20:57:35.59656",NA,NA,NA,-29.8834477988329,140.987554511695,"D",0,12,9.9,71,0,0,0.1604,98,0.101389892399311
0,"2020-07-14 21:13:30.625769",NA,NA,NA,-27.0866469534752,143.283779808807,"D",0,10.9,9.9,75,11,0,0.1624,198,0.0766777917742729
0,"2020-06-21 19:46:32.36773",NA,NA,NA,-26.2595352824753,141.170974342747,"N",0,10.5,11,68,0,0,0.3141,159,0.0588671267032623
0,"2020-02-23 20:14:42.198495","Bourke","New South Wales",1535,-30.4582188478833,144.258027694827,"N",0,22.5,21.4,67,44,0,0.189,96,0.0322361923754215
0,"2020-03-25 09:36:12.454209",NA,NA,NA,-18.7002724835694,138.668162639804,"D",0,27.4,7.6,68,95,0,0.393,129,0.124954000115395
0,"2020-06-15 20:55:06.398044",NA,NA,NA,-22.0687610151303,115.430265581117,"D",0,16,13.7,46,0,0,0.1494,69,0.0381141267716885
0,"2020-02-02 17:51:26.384056",NA,NA,NA,-29.6993613973211,128.806921699069,"D",0,19.1,17.1,64,38,0,0.1945,202,0.0475145503878593
0,"2020-07-22 20:37:56.507564",NA,NA,NA,-22.7431595894928,117.14244007025,"N",0,12.8,6.2,58,1,0,0.2283,570,0.0856228172779083
0,"2020-01-15 09:20:41.049396","Casino","New South Wales",9968,-28.4329890451537,152.424169231434,"N",0,18.9,4.6,96,87,0,0.4373,553,0.0922930389642715
0,"2020-08-24 09:46:30.397411",NA,NA,NA,-32.9569227053794,143.788114633411,"D",0,7.8,9.2,72,100,0,0.3576,78,0.14781266450882
0,"2020-06-07 08:53:26.318124",NA,NA,NA,-27.2115467852926,149.293815627983,"N",0,13.6,8.7,78,65,0,0.2935,324,0.144442349672318
0,"2020-02-27 20:49:41.319168",NA,NA,NA,-24.55140262028,131.63924204578,"D",0,25.9,27.4,32,0,0,0.1562,600,0.0317115373909473
0,"2020-09-16 09:42:03.016535","Mareeba","Queensland",8585,-15.6745886409113,144.68561991698,"N",0,20.1,21.9,88,27,0,0.545,390,0.122156038880348
0,"2020-08-09 08:54:58.828289",NA,NA,NA,-28.2329655522423,130.787377932259,"N",0,10.7,18.2,70,0,0,0.171,429,0.0408170223236084
0,"2020-10-13 20:25:37.639679","Cobar","New South Wales",3369,-32.6243279652101,145.753740193134,"N",0,26.1,10.4,32,0,0,0.4049,211,0.0971786826848984
0,"2020-05-31 10:07:49.799971",NA,NA,NA,-24.0856518846044,133.782335813285,"N",0,14.4,8.2,55,1,0,0.1696,586,0.0361884795129299
0,"2020-01-19 21:34:19.21225",NA,NA,NA,-31.2765301792706,129.33232766741,"N",0,18,7.2,66,14,0,0.159,120,0.0719519183039665
0,"2020-10-27 10:16:38.32887","Canowindra","New South Wales",1451,-33.0714646798181,148.76786931146,"D",0,11.1,19.4,83,21,0,0.7896,546,0.109708726406097
0,"2020-07-19 21:24:54.868759",NA,NA,NA,-25.2764220788409,145.188191348303,"D",0,12.9,11.5,41,0,0,0.2237,308,0.182821065187454
0,"2020-03-17 21:09:58.24823",NA,NA,NA,-16.0406360980527,135.110844789703,"N",0,26.7,9.7,76,4,0,0.3793,165,0.160774499177933
0,"2020-02-03 20:17:34.922051",NA,NA,NA,-31.0330962243874,118.371613900981,"D",0,25.8,20.3,32,0,0,0.154,328,0.0245393868535757
0,"2020-09-01 06:30:24.099996",NA,NA,NA,-24.8502763337802,120.945591820996,"D",0,23.3,17.7,35,0,0,0.1798,586,0.0414420329034328
0,"2020-10-23 20:51:23.870785",NA,NA,NA,-25.9147863918967,138.409000347354,"N",0,22.1,24.8,56,45,0,0.2209,39,0.0618610382080078
0,"2020-06-20 22:01:06.839319",NA,NA,NA,-30.2149892003397,133.041038195106,"N",0,10.4,16.6,77,100,0,0.2286,160,0.0550101324915886
0,"2020-02-24 19:02:53.220845",NA,NA,NA,-29.1901860007609,120.807378142567,"N",0,25.4,21.6,47,4,0,0.2131,466,0.0797196254134178
0,"2020-11-09 09:23:46.955104",NA,NA,NA,-17.8631272212554,129.462528611837,"D",0,31.4,9.9,19,5,0,0.2438,407,0.159488469362259
0,"2020-03-18 20:10:56.932081",NA,NA,NA,-19.3021141276679,134.68247926464,"D",0,28.2,4.5,46,0,0,0.182,250,0.0981465801596642
0,"2020-06-09 19:34:33.953092",NA,NA,NA,-18.47609451862,133.349401078436,"D",0,19.6,19.3,38,48,0,0.2221,214,0.0428044535219669
0,"2020-11-07 19:18:47.965166",NA,NA,NA,-25.5886995748854,133.287517662287,"N",0,23.5,20.6,20,93,0,0.2051,458,0.0466995723545551
0,"2020-03-25 20:36:38.37681",NA,NA,NA,-23.5688000026079,135.911367957662,"N",0,24.9,20.4,33,1,0,0.2676,312,0.109328776597977
0,"2020-01-10 19:20:36.30303",NA,NA,NA,-20.4637743021189,135.726571567439,"D",0,32.2,13,51,53,0,0.1734,269,0.03341194242239
0,"2020-05-18 20:40:10.333245",NA,NA,NA,-15.3385360148592,135.904472357255,"D",0,25.2,12.1,56,58,0,0.4563,11,0.121425405144691
0,"2020-02-16 10:12:29.677778",NA,NA,NA,-28.7667360371375,132.423509198301,"D",0,28.5,15.2,17,0,0,0.1923,293,0.033675342798233
0,"2020-01-22 09:54:51.181226",NA,NA,NA,-20.6362076521716,120.315928636809,"N",0,28.5,15.7,75,23,0,0.3565,123,0.149653300642967
0,"2020-06-28 09:24:42.657633",NA,NA,NA,-29.1021213783729,118.923547436588,"N",0,18,23.8,70,38,0,0.2349,416,0.0606949403882027
0,"2020-10-31 19:36:09.820227","Inverell","New South Wales",9654,-28.8543320479642,150.881865300751,"D",0,22.2,11.3,41,0,0,0.3484,311,0.150070518255234
0,"2020-06-18 08:28:57.958053","Narrabri","New South Wales",5499,-30.7808655570795,149.489383481323,"D",0,12.1,15.1,81,1,0,0.6303,344,0.100447684526443
0,"2020-02-27 09:36:51.150461",NA,NA,NA,-17.0406877577133,130.726414261086,"D",0,24.8,27.4,92,100,0.8,0.4813,201,0.332959711551666
0,"2020-09-11 09:01:47.557201",NA,NA,NA,-17.8353458823702,126.67878768087,"D",0,28.3,13.4,21,0,0,0.1871,286,0.0409116074442863
0,"2020-06-17 10:40:09.871408","Bourke","New South Wales",1535,-29.4955596199594,146.462186370927,"D",0,8.4,7.7,90,0,0,0.3531,123,0.0600678957998753
0,"2020-03-27 21:30:37.776671","Boulder","Western Australia",4825,-30.5401889136396,121.340815812875,"D",0,21.2,16.7,61,70,0,0.2256,347,0.051220715045929
0,"2020-08-03 08:57:21.819734",NA,NA,NA,-17.8514161695446,137.69223365806,"N",0,20.7,15.9,64,0,0,0.225,188,0.0387734100222588
0,"2020-03-04 09:44:32.398284",NA,NA,NA,-25.1295061525238,121.310312335073,"D",0,24.4,12.1,21,0,0,0.1982,536,0.0741407796740532
0,"2020-11-02 20:38:26.438575",NA,NA,NA,-25.3857820967678,140.27734584921,"N",0,31.5,19.8,16,0,0,0.117,63,0.109674192965031
0,"2020-08-17 21:12:43.765134",NA,NA,NA,-22.3278186091732,146.795555281521,"D",0,19.9,7.6,23,0,0,0.2618,223,0.160888403654099
0,"2020-07-28 20:33:39.366996",NA,NA,NA,-26.4737083768381,121.355590697104,"D",0,9.5,13.6,59,0,0,0.157,550,0.041445717215538
0,"2020-04-24 09:44:43.07913","Charters Towers","Queensland",8040,-20.4020218820754,145.562081529922,"N",0,21.8,11.4,67,1,0,0.3805,379,0.167505919933319
0,"2020-02-28 10:26:31.341396","McLaren Vale","South Australia",3277,-35.0956941759844,137.002963644554,"N",0,16.9,8.4,86,94,0,0.3694,21,0.0521839372813702
0,"2020-03-28 09:25:36.109016",NA,NA,NA,-22.4965962224046,134.193067667812,"D",0,25.6,9.5,28,0,0,0.3095,590,0.0608727522194386
0,"2020-06-26 09:37:52.19144",NA,NA,NA,-19.2569718182784,125.050690449154,"N",0,18.1,11.5,23,0,0,0.2745,227,0.0580879375338554
0,"2020-08-29 18:40:47.339339",NA,NA,NA,-20.7066267983086,134.143073972402,"N",0,19.9,15.3,22,0,0,0.2972,348,0.0299826301634312
0,"2020-08-31 19:45:19.462415",NA,NA,NA,-16.2399710568059,135.295613987824,"D",0,25.6,16.9,49,0,0,0.3288,128,0.0497191920876503
0,"2020-02-23 09:01:47.04951",NA,NA,NA,-23.0940395767216,149.432525274237,"N",0,23,11.9,95,100,1.3,0.6596,146,0.312735617160797
0,"2020-07-03 10:34:04.936216",NA,NA,NA,-21.1711879555656,116.328958559115,"N",0,22.4,22.8,28,4,0,0.2324,199,0.07952781021595
0,"2020-11-16 09:54:58.083865","Moree","New South Wales",7070,-28.2818502489726,150.300887471913,"D",0,29.7,12.6,25,18,0,0.1984,215,0.078276664018631
0,"2020-04-18 19:46:11.281646",NA,NA,NA,-31.6000904964262,142.668313168532,"N",0,15.6,5.2,51,26,0,0.2175,156,0.0736952498555183
0,"2020-04-04 08:54:46.897367","Charters Towers","Queensland",8040,-21.3432639450605,146.693687664115,"D",0,26.5,6.9,55,11,0,0.6718,226,0.09577576816082
0,"2020-06-14 09:31:07.95356",NA,NA,NA,-27.4090331714669,134.764111125011,"D",0,8.4,9.8,66,0,0,0.1119,216,0.0535132773220539
0,"2020-12-18 18:31:36.969113",NA,NA,NA,-22.7636911595709,137.433991035651,"D",0,32.8,20.4,26,94,0,0.1508,243,0.0650933235883713
0,"2020-02-25 19:04:37.430607",NA,NA,NA,-32.6760504451883,140.84777360154,"D",0,21.2,18.1,53,0,0,0.136,138,0.0446813181042671
0,"2020-02-05 09:38:54.352546",NA,NA,NA,-25.9316887798479,143.63411276921,"D",0,24.7,11.1,78,12,0,0.1574,185,0.168855428695679
0,"2020-04-14 20:30:40.19863",NA,NA,NA,-32.4475805006791,140.628258564331,"D",0,18.7,18.1,33,2,0,0.1232,228,0.0553866177797318
0,"2020-12-23 09:54:32.090679","Wingham","New South Wales",4556,-32.0640697468105,152.113804867037,"D",0,15.1,3.5,93,100,0,0.6458,258,0.178465992212296
0,"2020-09-18 09:23:14.044121",NA,NA,NA,-17.3908356873813,133.412215451736,"N",0,31,16.8,41,45,0,0.2078,209,0.0271550938487053
0,"2020-11-21 09:36:08.351109",NA,NA,NA,-26.8511557631378,118.812772293618,"N",0,27.6,26.4,20,0,0,0.1366,512,0.0254103075712919
0,"2020-08-21 08:28:18.464256",NA,NA,NA,-28.5589590040293,131.892377105368,"N",0,13.3,12.3,51,0,0,0.2143,260,0.0681297779083252
0,"2020-10-14 18:54:39.498077","Kingaroy","Queensland",10020,-26.8538482865362,150.968955148924,"N",0,21,14.4,45,0,0,0.2101,327,0.151939660310745
0,"2020-06-07 09:01:46.604226",NA,NA,NA,-18.3582076375509,126.291706491724,"N",0,22,16.5,33,0,0,0.2988,313,0.0805561617016792
0,"2020-12-09 09:19:04.627252",NA,NA,NA,-14.6847369495578,131.542213648332,"N",0,28.5,9.3,70,97,0,0.4249,239,0.123811557888985
0,"2020-04-05 20:59:32.872084",NA,NA,NA,-27.6688901095357,130.31547560421,"N",0,15.6,13.7,55,100,0,0.1792,413,0.033453606069088
0,"2020-02-25 20:39:21.920134",NA,NA,NA,-15.6629694162439,135.038503092635,"N",0,25.5,25.3,94,100,0.8,0.2282,84,0.137240380048752
0,"2020-04-13 20:40:12.835718",NA,NA,NA,-17.0332678382152,128.819082207432,"D",0,25.1,10.4,35,0,0,0.3309,134,0.14234471321106
0,"2020-01-13 19:49:16.842616",NA,NA,NA,-33.5514306438983,135.359938745153,"D",0,22.1,6.9,69,0,0,0.2751,71,0.0417163595557213
0,"2020-06-05 08:51:41.528086",NA,NA,NA,-16.7722152174155,131.079149577644,"N",0,18.9,13.4,26,0,0,0.2465,167,0.220179155468941
0,"2020-06-21 19:36:56.884596","Euroa","Victoria",3275,-36.9487029157605,145.657048882205,"D",0,4.7,7.2,96,44,0.3,0.7563,517,0.39134007692337
0,"2020-04-18 21:14:15.524636",NA,NA,NA,-25.7965252663197,135.01819625022,"N",0,18,10.9,40,0,0,0.1601,203,0.0412749610841274
0,"2020-10-18 09:25:12.705802","Freshwater","Queensland",2023,-16.1788934808641,145.387137794529,"D",0,17.5,4.8,98,72,0,0.8566,557,0.0837959870696068
0,"2020-03-15 20:17:03.157942",NA,NA,NA,-22.2354532749986,126.009352849052,"N",0,29.5,13.9,27,0,0,0.191,369,0.0402881689369678
0,"2020-06-12 20:19:08.38858","Drummond Cove","Western Australia",1477,-28.2163776286767,115.392085697114,"D",0,7.8,12.7,86,0,0,0.3212,260,0.0532760955393314
0,"2020-09-01 20:12:31.557864",NA,NA,NA,-30.3322209749805,138.687450035993,"N",0,18.6,11.6,27,66,0,0.1176,340,0.0764244124293327
0,"2020-09-23 09:44:24.017698",NA,NA,NA,-18.6146633496226,139.232512587397,"D",0,26,19.5,25,11,0,0.2272,74,0.126644402742386
0,"2020-07-25 20:37:12.234167",NA,NA,NA,-31.0573596342474,126.241374716904,"D",0,9.1,17,50,100,0,0.1609,164,0.0803481712937355
0,"2020-01-27 09:46:30.706824",NA,NA,NA,-22.7889122782166,146.104427784254,"N",0,22,18.1,93,100,2,0.2982,380,0.0413965210318565
0,"2020-07-15 22:05:45.933571","Central Coast","New South Wales",346596,-33.1076272338239,151.152282940846,"N",0,9.9,10.8,67,31,0,0.8296,253,0.17511023581028
0,"2020-09-02 18:37:08.365484",NA,NA,NA,-23.898650178133,137.288920048688,"N",0,23,14.8,19,1,0,0.1918,156,0.0353080183267593
0,"2020-05-25 21:22:17.909583",NA,NA,NA,-27.1771703107763,142.720140771223,"D",0,10.7,6.2,55,15,0,0.1953,160,0.0714700371026993
0,"2020-11-01 20:29:27.981036",NA,NA,NA,-28.933716616764,119.657153680265,"D",0,19.5,31.1,73,76,0.1,0.1732,439,0.0636444836854935
0,"2020-08-31 08:50:30.212417",NA,NA,NA,-25.4100328564963,118.75312105584,"N",0,23.6,13,11,0,0,0.1563,517,0.0778454765677452
0,"2020-07-05 10:35:13.253266",NA,NA,NA,-26.9714849043183,135.29281471878,"N",0,8.1,10.2,65,0,0,0.143,242,0.0514169111847878
0,"2020-05-17 19:37:19.558295",NA,NA,NA,-26.0711120640029,142.867760884248,"D",0,19.4,17.7,51,23,0,0.1336,162,0.0762516409158707
0,"2020-03-07 16:27:53.172168","Inverell","New South Wales",9654,-29.569110603763,151.092831508347,"N",0,17.6,8.7,73,84,0,0.7289,582,0.249333158135414
0,"2020-08-16 17:58:13.939979",NA,NA,NA,-17.8203527116499,133.864834345794,"D",0,20.1,16.3,49,0,0,0.2601,217,0.0661702379584312
0,"2020-08-17 07:40:34.05084",NA,NA,NA,-17.1860942462658,134.278390094937,"N",0,26.1,10.7,25,0,0,0.1971,224,0.172161489725113
0,"2020-05-09 09:06:20.522845",NA,NA,NA,-23.4204468732877,140.960975079921,"D",0,21.5,23,26,0,0,0.1229,145,0.166352897882462
0,"2020-08-31 09:52:34.841603",NA,NA,NA,-20.4157303821007,127.394907548465,"D",0,23.1,16.7,16,0,0,0.2027,305,0.0312729701399803
0,"2020-02-15 21:12:41.690321",NA,NA,NA,-31.7497145287306,119.668281769248,"N",0,19.6,13.5,83,89,0,0.4054,416,0.0316331945359707
0,"2020-06-08 20:48:07.921158","Walgett","New South Wales",1377,-30.1814408677172,147.472314998632,"N",0,11.4,15.9,68,80,0,0.4255,127,0.174892708659172
0,"2020-08-30 18:51:33.207547",NA,NA,NA,-18.1803814206387,143.094380141392,"D",0,23.4,16.9,56,0,0,0.3587,229,0.102866560220718
0,"2020-08-15 20:29:16.426413",NA,NA,NA,-26.293054082749,149.862354864023,"D",0,14.6,12.5,67,0,0,0.3933,305,0.15953029692173
0,"2020-07-28 19:57:43.7163",NA,NA,NA,-24.8029440627618,122.301466149307,"D",0,9.8,13.2,26,0,0,0.1659,502,0.0427616462111473
0,"2020-07-06 20:06:39.052851",NA,NA,NA,-26.3059374534302,132.664406097952,"D",0,4,5.4,74,0,0,0.149,573,0.0340604819357395
0,"2020-09-20 19:28:53.379456",NA,NA,NA,-24.8042756014459,115.522457578043,"D",0,11.4,18.6,61,0,0,0.1835,266,0.0931963697075844
0,"2020-11-13 08:58:24.96573",NA,NA,NA,-25.3717963972095,143.327087282056,"N",0,25,9.9,22,0,0,0.1781,179,0.0497923828661442
0,"2020-03-04 09:51:32.021556",NA,NA,NA,-23.7935125816398,134.146640961686,"D",0,17.4,7.9,92,25,0,0.1648,501,0.0434962771832943
0,"2020-12-14 09:05:30.130576",NA,NA,NA,-30.4009741459952,128.933755712398,"N",0,16.4,27.5,83,76,0,0.1791,177,0.0776153653860092
0,"2020-05-03 20:36:46.456672",NA,NA,NA,-26.2341315528387,136.497743563889,"D",0,12.9,13.3,61,0,0,0.1836,79,0.042558740824461
0,"2020-05-27 21:07:11.284096",NA,NA,NA,-29.4848134178798,133.080739843917,"D",0,8,6.1,82,0,0,0.1556,181,0.035997174680233
0,"2020-05-11 09:48:07.998555",NA,NA,NA,-21.0961050773066,121.884871872471,"D",0,21.2,8.2,26,19,0,0.2013,248,0.0299269277602434
0,"2020-08-25 17:35:30.85898",NA,NA,NA,-27.2953962188312,135.032281487296,"N",0,12.4,15.7,43,68,0,0.1133,157,0.0876385346055031
0,"2020-04-16 09:49:40.343213",NA,NA,NA,-20.7452189367813,142.175713454667,"D",0,25.1,8.8,43,0,0,0.1746,146,0.165413901209831
0,"2020-02-12 09:27:44.708815",NA,NA,NA,-30.6079450131077,141.665087035271,"N",0,28.2,17,36,0,0,0.1574,130,0.0286667607724667
0,"2020-12-05 20:13:18.180194",NA,NA,NA,-21.3368319112262,144.634936546317,"D",0,33.6,18.7,26,0,0,0.171,349,0.0719854980707169
0,"2020-01-17 19:25:15.722051",NA,NA,NA,-28.3451639503773,128.982406916039,"D",0,19.5,14.2,62,97,0.1,0.2156,314,0.0611228533089161
0,"2020-05-27 09:20:44.441636",NA,NA,NA,-27.4932077472293,127.471241801043,"D",0,11.3,5.5,44,0,0,0.2244,336,0.0314239077270031
0,"2020-02-05 20:00:00.683216",NA,NA,NA,-29.2848033628255,132.870830503301,"D",0,22,14.8,59,0,0,0.1658,197,0.0291263796389103
0,"2020-11-11 09:17:32.21142",NA,NA,NA,-21.0959167262883,133.45509707775,"N",0,32.7,15.3,24,15,0,0.2486,408,0.0260878503322601
0,"2020-02-03 21:08:45.921158",NA,NA,NA,-28.6552224182292,121.016934547873,"N",0,23.9,20.1,34,0,0,0.1582,384,0.0450880080461502
0,"2020-08-07 21:13:17.363195",NA,NA,NA,-30.0837158828227,143.689480178449,"N",0,9,24,81,34,0,0.2062,163,0.0579666309058666
0,"2020-08-14 09:27:05.043464",NA,NA,NA,-28.7215482928919,116.626310589544,"D",0,11.6,9,72,0,0,0.3107,335,0.0748496651649475
0,"2020-12-08 19:12:32.217623",NA,NA,NA,-22.4389773081022,142.162454864979,"D",0,30.2,17.4,13,0,0,0.1574,232,0.0487569645047188
0,"2020-01-27 10:17:37.670657",NA,NA,NA,-22.8568403367125,143.590843175692,"N",0,22.8,19.9,89,100,1.7,0.1458,225,0.155287012457848
0,"2020-06-08 21:09:01.634143",NA,NA,NA,-25.4334627686487,137.01074752653,"D",0,9.9,12.1,56,0,0,0.2173,100,0.0411502122879028
0,"2020-09-19 21:06:38.086735",NA,NA,NA,-21.284984266538,140.250619160449,"N",0,25.8,13.4,71,46,0,0.2004,286,0.0762466043233871
0,"2020-09-20 20:40:55.141635",NA,NA,NA,-21.068693577248,140.371114688298,"N",0,26.8,23.8,66,65,0,0.2128,272,0.0543351210653782
0,"2020-03-10 08:53:14.493614",NA,NA,NA,-21.2215005985285,134.44880233167,"D",0,25.3,14.5,28,0,0,0.2287,395,0.0894259586930275
0,"2020-04-19 21:23:00.211011",NA,NA,NA,-19.1103736115958,132.243169343461,"D",0,27.8,10.7,29,33,0,0.1734,250,0.113325864076614
0,"2020-07-27 09:33:29.136455",NA,NA,NA,-25.1259872681097,119.905957730255,"N",0,13.4,9.4,22,0,0,0.1553,620,0.104308247566223
0,"2020-12-10 20:44:50.975283",NA,NA,NA,-22.3637094786024,129.860453464142,"D",0,22.1,25.7,57,56,0,0.1525,447,0.028897050768137
0,"2020-02-07 21:00:37.776946","Gilgandra","New South Wales",2417,-31.2975088822174,149.366230021537,"N",0,18.9,13.5,89,100,0.9,0.3382,526,0.126607686281204
0,"2020-08-18 17:33:03.884427",NA,NA,NA,-18.9097089202529,128.951303338619,"N",0,17.8,18.6,33,0,0,0.2572,446,0.0311734564602375
0,"2020-07-26 20:35:50.687692",NA,NA,NA,-32.5074027851549,134.416137002159,"D",0,9.6,8.4,95,7,0,0.4335,48,0.0777709633111954
0,"2020-07-06 08:25:13.197141",NA,NA,NA,-23.668235355734,121.990209091533,"N",0,17.5,11.2,29,0,0,0.1923,427,0.0465289168059826
0,"2020-07-12 21:24:56.096065",NA,NA,NA,-24.100170679636,114.248728256817,"D",0,10.8,9.4,36,0,0,0.1994,54,0.0383406989276409
0,"2020-12-03 09:01:32.344884",NA,NA,NA,-23.0649611980001,135.934540040177,"D",0,31.5,24.4,18,1,0,0.1881,369,0.0230468455702066
0,"2020-08-20 17:57:37.044165",NA,NA,NA,-20.6888188264655,128.000198094958,"N",0,15.6,15.3,19,5,0,0.2165,335,0.0327410772442818
0,"2020-06-18 08:13:30.089064",NA,NA,NA,-25.1783192370068,144.328976159645,"D",0,15.9,11.8,48,0,0,0.353,340,0.0422609485685825
0,"2020-12-20 20:41:14.107446",NA,NA,NA,-20.8394472828336,119.09507794031,"D",0,31.6,24.7,57,58,0,0.2438,128,0.131810620427132
0,"2020-11-09 20:05:39.061213",NA,NA,NA,-25.2550761778637,123.097635911418,"D",0,22.2,30.5,48,0,0,0.1531,438,0.0503602102398872
0,"2020-10-18 09:37:30.912311",NA,NA,NA,-20.2325287617588,132.034436747372,"D",0,30.5,4.1,30,44,0,0.1632,347,0.0327702015638351
0,"2020-03-19 21:05:24.441591",NA,NA,NA,-17.7960221307308,129.361562146117,"D",0,26.9,13.5,32,0,0,0.3461,427,0.0957362279295921
0,"2020-02-26 20:55:06.49461","Mount Gambier","South Australia",25591,-37.4943216412092,141.037766109228,"D",0,15.4,18.3,57,100,0,0.8149,81,0.101444438099861
0,"2020-03-10 19:32:55.950214",NA,NA,NA,-24.544847934169,123.047483128631,"D",0,28.5,20,31,43,0,0.1679,426,0.0367242023348808
0,"2020-09-18 19:39:07.051373",NA,NA,NA,-24.6052011127286,119.153447130905,"D",0,15.8,8.7,21,0,0,0.1231,606,0.0895063504576683
0,"2020-10-13 08:44:26.01123",NA,NA,NA,-28.2069622963821,138.395258875395,"D",0,23.5,15.5,27,0,0,0.1865,39,0.0650395080447197
0,"2020-05-14 20:54:26.782543",NA,NA,NA,-18.4412114665023,125.309713764954,"D",0,19.8,15.2,20,0,0,0.3043,92,0.1934764534235
0,"2020-08-15 20:03:36.932338",NA,NA,NA,-17.9741792151575,123.801245576287,"D",0,22,7.1,41,94,0,0.3513,25,0.165088266134262
0,"2020-12-25 08:40:54.024225",NA,NA,NA,-22.8871224084065,116.460237998688,"D",0,35.5,39.4,28,97,0,0.1395,186,0.0614601671695709
0,"2020-02-08 21:38:22.257217",NA,NA,NA,-27.0575671647888,149.068375738096,"D",0,24.8,4.7,74,100,0,0.5086,247,0.1304522305727
0,"2020-08-26 08:09:57.951086",NA,NA,NA,-16.3345775895892,131.555638378671,"D",0,27.2,14.1,14,0,0,0.1972,131,0.170469596982002
0,"2020-12-13 20:02:34.143183",NA,NA,NA,-28.0228371563181,144.611407425792,"D",0,28.5,23.7,31,92,0,0.1714,222,0.0510926693677902
0,"2020-04-21 20:12:45.865101",NA,NA,NA,-18.1590027926011,123.070034607391,"N",0,27.7,11,80,81,0,0.2819,113,0.080704391002655
0,"2020-02-06 21:23:29.266634",NA,NA,NA,-22.0864897754216,117.833379536427,"D",0,26,19.8,69,100,0,0.1527,704,0.0726140886545181
0,"2020-07-10 21:49:13.494568",NA,NA,NA,-29.3807186940633,126.581704739982,"N",0,5.2,9.1,93,10,0,0.15,215,0.109975650906563
0,"2020-09-16 20:18:28.78577",NA,NA,NA,-21.788678995334,143.502882562048,"D",0,24.2,26.5,52,0,0,0.1539,250,0.162675678730011
0,"2020-10-15 09:50:26.911236",NA,NA,NA,-20.1215976235436,125.129836269513,"D",0,26.6,11.8,14,0,0,0.1973,187,0.026597399264574
0,"2020-03-18 20:16:48.86184","Deniliquin","New South Wales",6431,-34.8011641445808,144.926194557909,"D",0,25.8,15.3,36,35,0,0.2084,91,0.173800706863403
0,"2020-12-23 10:09:04.52926",NA,NA,NA,-27.6760123500182,138.829055523999,"D",0,18.9,6,66,100,0,0.1176,31,0.0356578454375267
0,"2020-03-30 19:17:43.195763","George Town","Tasmania",4347,-40.9497791361278,147.139841160608,"D",0,15.1,4.1,75,15,0,-0.9999,0,0.329753756523132
0,"2020-12-19 20:28:04.296729",NA,NA,NA,-23.0335468521742,148.612452062299,"D",0,29.9,7.3,51,17,0,0.271,154,0.0805840194225311
0,"2020-03-13 19:08:36.998634",NA,NA,NA,-27.1180689563228,138.823863349999,"D",0,27.5,23.6,36,0,0,0.1379,39,0.0767532140016556
0,"2020-09-09 09:45:59.001","West Wyalong","New South Wales",2698,-33.9616631450122,147.316727684092,"N",0,11.9,19.7,89,100,0.7,0.6705,227,0.238286837935448
0,"2020-03-31 20:23:02.555105",NA,NA,NA,-22.2851068026832,136.325197435634,"D",0,25.5,21.6,46,91,0,0.2663,305,0.0724108517169952
0,"2020-04-03 21:04:57.614377","Saint Arnaud","Victoria",2126,-36.7863567418237,143.221754353033,"N",0,10.8,23.4,85,63,0.1,0.4528,293,0.131119087338448
0,"2020-07-27 19:28:14.85818","Saint Arnaud","Victoria",2126,-36.6173762850861,143.650011887141,"N",0,9.2,17,85,0,0,0.6546,351,0.218421012163162
0,"2020-01-27 10:03:46.207175",NA,NA,NA,-19.989364526351,141.198873027018,"N",0,25.8,15.5,93,100,0.1,0.2766,87,0.132332548499107
0,"2020-02-29 19:24:08.564588",NA,NA,NA,-31.847905133855,117.735034752753,"D",0,19.5,23.5,81,99,0,0.1878,241,0.0707386508584023
0,"2020-03-10 09:06:07.856318",NA,NA,NA,-24.3395317321263,115.715804455821,"D",0,34.5,16.1,19,9,0,0.1746,266,0.0822290852665901
0,"2020-09-25 19:36:12.698754",NA,NA,NA,-27.0149746762115,118.307015780133,"D",0,15.8,18,64,2,0,0.1856,451,0.0678540244698524
0,"2020-04-16 20:43:29.734254",NA,NA,NA,-26.7590580145374,115.440150120865,"N",0,24.7,13.1,51,35,0,0.2101,251,0.0443210080265999
0,"2020-02-26 20:02:33.287831",NA,NA,NA,-23.2576098189489,141.807730928103,"N",0,30.9,6.9,56,69,0,0.131,167,0.141964167356491
0,"2020-05-18 21:08:05.927914",NA,NA,NA,-28.5889235155088,142.884949842619,"D",0,19,16,62,98,0,0.1768,110,0.158134236931801
0,"2020-05-02 20:00:44.296448",NA,NA,NA,-30.9941327735923,131.872800290799,"D",0,9.1,2.9,98,100,0,0.2016,69,0.109855093061924
0,"2020-02-09 20:47:13.883463","Renmark","South Australia",4634,-33.9367247695961,140.636988296825,"D",0,24.6,10.6,43,35,0,0.2666,52,0.0445553697645664
0,"2020-03-05 20:29:53.586868","Roxby Downs","South Australia",3671,-30.0148239256482,135.80419658778,"D",0,18.6,16.9,66,0,0,0.2018,143,0.0573813877999783
0,"2020-07-03 20:40:55.174206","Jindabyne","New South Wales",2233,-36.1231769335458,148.223614786051,"N",0,-2.3,8.4,87,39,0,0.5536,1567,0.306192338466644
0,"2020-08-24 09:19:19.088217","Condobolin","New South Wales",2579,-33.1576143335225,147.591049774666,"N",0,6.9,7.2,74,95,0,0.7202,206,0.28190541267395
0,"2020-07-25 09:37:54.924628",NA,NA,NA,-21.081588829133,132.080796985998,"D",0,14.8,19.1,26,0,0,0.2091,478,0.0320458188652992
0,"2020-11-10 20:15:18.361436",NA,NA,NA,-21.9054721989804,142.245240933122,"N",0,31,29.5,40,0,0,0.1564,192,0.129312038421631
0,"2020-12-14 11:28:19.480442",NA,NA,NA,-28.4030088053585,126.484082958981,"N",0,16.4,23.9,70,12,0,0.1891,394,0.0341824591159821
0,"2020-09-25 21:00:05.669487",NA,NA,NA,-18.8465126609216,131.611393352638,"N",0,29,13.2,30,26,0,0.2156,254,0.0271614827215672
0,"2020-11-12 20:14:26.629537",NA,NA,NA,-30.9511816848542,126.491207654953,"D",0,18.4,21.9,53,0,0,0.1387,172,0.0702440291643143
0,"2020-11-03 20:16:41.362388",NA,NA,NA,-20.019862561709,137.511921014055,"N",0,32.5,15.9,28,0,0,0.1481,236,0.13064794242382
0,"2020-12-29 21:36:39.615078",NA,NA,NA,-20.5237498490247,124.53229216551,"D",0,28.2,3.4,69,1,0,0.1981,301,0.0882070884108543
0,"2020-09-11 08:56:49.314386",NA,NA,NA,-26.8022085976311,124.669469602866,"N",0,28.7,4.8,17,3,0,0.1881,474,0.0383885987102985
0,"2020-12-01 21:42:34.335421",NA,NA,NA,-15.2041234406681,129.192139606346,"N",0,26,11.2,90,100,2.3,0.3236,4,0.185022220015526
0,"2020-05-31 19:35:24.852508",NA,NA,NA,-16.8699074758565,137.441424586315,"D",0,22.6,6.5,61,0,0,0.4851,132,0.100127927958965
0,"2020-09-27 08:40:30.900298","Boulder","Western Australia",4825,-31.5875056604659,122.840210934808,"D",0,16.4,9.7,48,38,0,0.3336,333,0.119742542505264
0,"2020-06-07 10:12:48.904695",NA,NA,NA,-21.810660053269,115.728368902246,"D",0,18.9,7.9,50,0,0,0.2918,73,0.126158937811852
0,"2020-04-22 19:19:48.072383",NA,NA,NA,-31.0928806310023,124.409747104412,"N",0,18,7.2,71,0,0,0.2281,177,0.0737816467881203
0,"2020-08-03 08:51:07.975285",NA,NA,NA,-24.9578149921475,121.550956909255,"N",0,19.9,20,22,17,0,0.1584,543,0.0861609280109406
0,"2020-06-14 09:18:38.675682",NA,NA,NA,-24.8844864566885,114.028567259662,"D",0,17.8,21.5,28,68,0,0.1724,37,0.0766895413398743
0,"2020-02-27 08:50:54.423746",NA,NA,NA,-25.7173225181029,119.526847302046,"D",0,33.6,14.9,21,66,0,0.2198,597,0.145165145397186
0,"2020-02-28 20:24:14.881811",NA,NA,NA,-19.453926442914,127.339067242067,"N",0,28.3,32.9,64,99,0,0.2448,383,0.112493902444839
0,"2020-06-16 19:16:02.366797",NA,NA,NA,-21.1177044982855,123.841125336643,"D",0,18,19.2,34,0,0,0.1444,303,0.0585471652448177
0,"2020-03-05 08:30:56.090885",NA,NA,NA,-22.9864328735973,124.417183689952,"D",0,27.8,9.3,13,0,0,0.2109,375,0.0516663789749146
0,"2020-08-11 21:47:55.805053",NA,NA,NA,-28.7705166498464,120.636383031939,"D",0,9.4,9.4,93,29,0,0.2117,377,0.0393209867179394
0,"2020-07-06 08:39:06.315811",NA,NA,NA,-29.4966347927504,120.137806947463,"D",0,15.6,15.5,64,29,0.1,0.3324,434,0.0416877791285515
0,"2020-11-14 20:27:09.176589","Canowindra","New South Wales",1451,-33.4307603549931,148.637780619925,"D",0,24.5,15.5,38,0,0,0.6345,411,0.1354850679636
0,"2020-01-09 20:25:41.275026",NA,NA,NA,-28.6622408370732,116.850597770361,"D",0,21.5,37.4,51,0,0,0.1324,358,0.0463994927704334
0,"2020-06-11 09:44:07.630681",NA,NA,NA,-27.6175939286315,137.567805616508,"N",0,12.9,10.2,53,0,0,0.1467,12,0.0812863856554031
0,"2020-04-13 20:35:08.663651",NA,NA,NA,-23.1312918856394,145.904307937484,"D",0,24.4,17.8,59,0,0,0.2107,333,0.0540727451443672
0,"2020-01-04 20:03:31.699967",NA,NA,NA,-25.2862920443351,133.141980868908,"D",0,17.6,19.9,76,100,0.1,0.18555,415,0.0224115364253521
0,"2020-03-08 09:24:51.039252",NA,NA,NA,-26.8144516432241,131.322646634212,"D",0,27.6,24.6,22,1,0,0.1777,546,0.0300102476030588
0,"2020-08-19 06:46:50.184166",NA,NA,NA,-28.8689729529729,125.608161965862,"D",0,14.3,8.1,37,40,0,0.243,270,0.118483431637287
0,"2020-07-14 09:37:14.35643",NA,NA,NA,-20.0167271350154,140.881290859693,"D",0,14.9,16.1,27,0,0,0.173,108,0.152281507849693
0,"2020-05-31 08:50:04.920989",NA,NA,NA,-16.2150061094368,129.601453031671,"N",0,26.5,9.3,34,0,0,0.2378,53,0.206459671258926
0,"2020-12-27 20:35:35.229136","Charters Towers","Queensland",8040,-20.5949177369409,147.358145357786,"N",0,24.7,11.6,72,89,0,0.449,387,0.156780675053596
0,"2020-03-08 09:43:52.456924",NA,NA,NA,-20.982385882758,135.144348400287,"D",0,21.9,18.8,46,10,0,0.1559,475,0.0707173720002174
0,"2020-06-05 20:49:31.242279",NA,NA,NA,-25.8758678879675,134.226777912142,"D",0,7,11.2,69,0,0,0.1756,349,0.0501606240868568
0,"2020-06-25 19:40:43.502075","Port Fairy","Victoria",3340,-38.2819607342895,142.216585984327,"N",0,8.4,7.1,85,79,0,0.8438,32,0.268291175365448
0,"2020-06-24 20:26:39.405752",NA,NA,NA,-27.6102082096801,145.731130658347,"N",0,10.8,6,78,82,0,0.2671,253,0.0681297034025192
0,"2020-10-11 19:47:50.497273",NA,NA,NA,-20.7262748155783,136.049749378482,"N",0,24,25.4,16,0,0,0.2283,269,0.0330709889531136
0,"2020-09-06 09:11:16.188568",NA,NA,NA,-30.8185783676586,125.78938642108,"D",0,28.8,27.5,11,0,0,0.1363,186,0.0853951275348663
0,"2020-11-24 20:41:09.731148",NA,NA,NA,-22.8441031594424,121.990625834144,"D",0,28.5,18.9,44,31,0,0.1776,452,0.0226474404335022
0,"2020-05-15 20:41:45.630572",NA,NA,NA,-27.5439142871605,130.638471594417,"N",0,9.1,9.2,45,0,0,0.1793,460,0.0354082472622395
0,"2020-09-30 20:28:48.946691",NA,NA,NA,-25.4568958802524,143.871593805092,"N",0,23.8,21.6,25,0,0,0.2031,248,0.0891417860984802
0,"2020-09-01 06:19:23.753532",NA,NA,NA,-31.1962850498299,124.26399974319,"N",0,18,32.6,26,2,0,0.2712,171,0.08835818618536
0,"2020-05-11 08:55:07.551058","Drummond Cove","Western Australia",1477,-29.4249105845989,115.986874415984,"N",0,15.4,12.6,42,0,0,0.1827,319,0.0672039538621902
0,"2020-03-07 16:05:58.79838","Grenfell","New South Wales",2022,-33.7344482075907,148.266582653086,"N",0,16.5,15.9,72,91,0,0.2954,313,0.105586469173431
0,"2020-05-18 10:03:38.112455",NA,NA,NA,-15.5889229382237,134.805171526522,"D",0,23.5,13,70,44,0,0.3592,115,0.0628529936075211
0,"2020-04-18 20:39:37.204326",NA,NA,NA,-17.9474607849477,133.872025050289,"D",0,28.4,13.5,30,40,0,0.4309,210,0.154103726148605
0,"2020-02-28 09:07:19.03906",NA,NA,NA,-19.2509604542141,123.980599574593,"D",0,33.9,22.5,34,56,0,0.2846,176,0.09159354865551
0,"2020-02-04 08:35:36.013197",NA,NA,NA,-25.2370903945894,133.170023981362,"N",0,23.9,14.9,47,17,0,0.1954,413,0.0274803396314383
0,"2020-12-27 20:09:31.782652",NA,NA,NA,-22.0591977629914,120.530026872463,"D",0,26.3,3.5,76,25,0,0.2516,434,0.119892746210098
0,"2020-06-07 08:41:24.87683",NA,NA,NA,-34.5692496525078,135.808971888033,"D",0,11.5,11.6,70,98,0,0.3963,141,0.1433175355196
0,"2020-08-29 18:23:51.495266",NA,NA,NA,-29.3201082540129,133.865295937108,"N",0,11.9,20.7,81,0,0,0.1647,170,0.0616176128387451
0,"2020-10-27 19:28:25.539815","Kerang","Victoria",3696,-35.8435865162249,143.79373864946,"D",0,17,11.9,66,31,0,0.6331,88,0.22573558986187
0,"2020-09-23 20:24:25.18207",NA,NA,NA,-28.3292154109287,147.141090536054,"D",0,16,4.1,47,0,0,0.1935,163,0.0597772262990475
0,"2020-10-23 20:01:09.0083",NA,NA,NA,-23.9635964935097,132.896479867779,"D",0,18,18.5,58,64,0,0.1655,579,0.0368372946977615
0,"2020-08-28 08:19:16.564259",NA,NA,NA,-22.7171816157237,119.730584232265,"N",0,30.4,5.4,14,0,0,0.283,414,0.0759565383195877
0,"2020-03-22 09:02:06.217755",NA,NA,NA,-21.9530283081009,118.17349335279,"N",0,30.9,14.3,45,92,0,0.4341,420,0.0720030814409256
0,"2020-05-21 11:37:43.551624",NA,NA,NA,-21.874829749372,133.86054648949,"N",0,13.8,15.5,40,100,0,0.2769,490,0.047574520111084
0,"2020-06-28 20:13:39.028896",NA,NA,NA,-23.1504793469376,116.639682696656,"D",0,14.1,5.5,53,87,0,0.3327,204,0.0985895916819572
0,"2020-02-21 10:19:33.747277",NA,NA,NA,-30.2173957325545,124.71502539365,"D",0,24.7,17.4,32,84,0,0.3021,204,0.0875123366713524
0,"2020-01-29 20:54:51.195828",NA,NA,NA,-31.0640240806056,127.522621497457,"N",0,34.2,25.1,19,0,0,0.1775,174,0.0719999149441719
0,"2020-03-12 17:52:20.971024",NA,NA,NA,-29.6162119255358,142.997723759623,"D",0,22,13.1,56,0,0,0.1475,95,0.0814106911420822
0,"2020-05-31 20:55:30.768224",NA,NA,NA,-17.9408871389188,123.250401457627,"D",0,18.3,23.7,61,96,0,0.337,59,0.0775246769189835
0,"2020-12-07 09:51:47.888002",NA,NA,NA,-25.2165484220578,149.239124883377,"D",0,23.4,6.3,75,100,0,0.4051,420,0.0513102971017361
0,"2020-10-13 10:08:22.682228",NA,NA,NA,-28.3537175870557,142.428027805481,"N",0,21.6,9.9,27,0,0,0.1966,182,0.172056198120117
0,"2020-09-06 09:51:56.671378",NA,NA,NA,-29.7090086467476,144.073778106578,"N",0,14.6,9,42,0,0,0.2776,117,0.10351250320673
0,"2020-03-08 20:50:22.954921","Grenfell","New South Wales",2022,-33.7553660592016,148.186500733149,"N",0,19.5,12.8,62,32,0,0.3925,386,0.109814003109932
0,"2020-04-19 17:24:36.193672",NA,NA,NA,-31.1161893581239,117.881377380275,"N",0,8.8,6.4,97,0,0,0.2024,287,0.0874536409974098
0,"2020-12-27 09:24:45.712602","Thursday Island","Queensland",2805,-11.6629119713334,142.226347611654,"D",0,24.4,4,98,100,0,0.7324,29,0.22239351272583
0,"2020-03-22 20:43:12.145",NA,NA,NA,-26.5377564560944,140.472925411172,"D",0,26.6,25.8,28,0,0,0.1676,81,0.0909300968050957
0,"2020-11-16 19:46:07.674814","Tea Gardens","New South Wales",2837,-32.2983374490496,151.953664285168,"N",0,22.2,13.4,68,81,0.1,0.7709,71,0.19445675611496
0,"2020-10-02 20:41:13.352882",NA,NA,NA,-30.3002760482234,116.352995056346,"D",0,7.7,13.5,77,4,0,0.6414,319,0.080329030752182
0,"2020-06-12 20:33:34.890554",NA,NA,NA,-25.784869414448,115.519679927796,"N",0,10.8,20.4,77,0,0,0.1081,260,0.0969062745571136
0,"2020-10-07 21:06:00.626902","Saint Arnaud","Victoria",2126,-36.6039152799262,143.667222295707,"D",0,11.1,20.1,86,98,0,0.5399,280,0.23127007484436
0,"2020-04-03 22:01:21.79713",NA,NA,NA,-23.5026761245362,117.277086206748,"N",0,24.4,21.4,30,99,0,0.4094,259,0.0866197794675827
0,"2020-10-14 21:16:21.345697",NA,NA,NA,-26.6834192278335,123.229846982558,"D",0,26.6,17.5,25,45,0,0.0718,436,0.0721267610788345
0,"2020-09-14 20:46:52.991201",NA,NA,NA,-31.5220065309777,130.046927784079,"D",0,13.1,15.9,79,69,0,0.2622,80,0.0842415243387222
0,"2020-08-12 09:45:47.6526","Gladstone","Queensland",34703,-24.9482132989552,150.098492780555,"D",0,14.9,9.7,75,0,0,0.2524,143,0.224090039730072
0,"2020-08-23 08:53:55.55839",NA,NA,NA,-32.8886572723215,123.859573430767,"N",0,11.9,6.5,89,40,0,0.4699,149,0.17936897277832
0,"2020-02-14 18:27:20.641215",NA,NA,NA,-23.8283182213276,136.01349670542,"D",0,30.8,16.3,27,0,0,0.2002,271,0.0947863236069679
0,"2020-11-12 20:20:24.863724",NA,NA,NA,-25.5556629201746,134.887914741112,"N",0,28,18.8,25,0,0,0.1661,229,0.0441566035151482
0,"2020-12-01 20:33:35.386921",NA,NA,NA,-31.3945563623804,142.406374462266,"D",0,16.7,27.7,30,87,0,0.2136,224,0.0508949160575867
0,"2020-08-05 19:45:51.831292",NA,NA,NA,-26.5125123809296,135.460592066142,"N",0,10.7,10.8,80,9,0,0.1193,116,0.0567650943994522
0,"2020-11-26 21:26:38.332624",NA,NA,NA,-30.2350131832099,127.811479269813,"N",0,28.1,12.1,33,36,0,0.1631,216,0.0744797587394714
0,"2020-11-11 08:26:27.788926",NA,NA,NA,-26.923903270335,114.154195528551,"N",0,17,18.8,70,0,0,0.2827,106,0.0454086773097515
0,"2020-01-17 19:36:48.627903",NA,NA,NA,-26.7026558983425,136.780137680922,"D",0,27,10.5,36,0,0,0.1496,54,0.0260539650917053
0,"2020-02-14 10:04:26.651525",NA,NA,NA,-24.3500183515105,144.226856357274,"D",0,31.1,4.8,37,3,0,0.2977,195,0.209949642419815
0,"2020-08-20 08:05:39.555753",NA,NA,NA,-13.6479592120177,142.304425849303,"D",0,22.2,5.4,85,0,0,0.5887,66,0.131884694099426
0,"2020-05-06 19:30:01.362435",NA,NA,NA,-29.5619400187237,139.341039440933,"N",0,17.5,18.4,33,64,0,0.1175,94,0.0607929192483425
0,"2020-04-19 17:59:45.535885",NA,NA,NA,-21.3302619258436,128.403773396695,"D",0,26.7,15.5,28,54,0,0.2072,363,0.0559046044945717
0,"2020-04-15 19:57:13.955364",NA,NA,NA,-29.2072921864759,142.119681492192,"N",0,26,18.7,32,0,0,0.1192,141,0.183981403708458
0,"2020-03-23 17:59:04.893456",NA,NA,NA,-21.3038442795269,116.555824849433,"N",0,24.8,9.5,78,0,0,0.254,213,0.0814942494034767
0,"2020-07-09 09:22:50.816116",NA,NA,NA,-18.304751464005,123.555260278487,"D",0,22.5,12.3,19,0,0,0.3414,107,0.0787627175450325
0,"2020-05-23 10:31:54.455115",NA,NA,NA,-23.0652793483358,132.624934546964,"N",0,9.1,11.3,41,0,0,0.1748,563,0.0320273488759995
0,"2020-07-09 09:00:31.717497","Boulder","Western Australia",4825,-30.1083072233055,120.556823915987,"D",0,8.9,12.2,61,1,0,0.4228,502,0.0874115601181984
0,"2020-09-27 20:50:17.171141",NA,NA,NA,-26.4775934060152,114.378608993873,"D",0,14.9,9.4,87,1,0,0.2772,81,0.0902708172798157
0,"2020-02-27 08:39:43.09419",NA,NA,NA,-23.5948226762033,126.751905472182,"N",0,33.9,17.7,19,0,0,0.1665,426,0.0414890795946121
0,"2020-10-18 09:38:46.837626",NA,NA,NA,-28.6324709815264,124.299320129001,"D",0,21.5,16.4,50,89,0.1,0.2239,346,0.063501626253128
0,"2020-12-26 20:05:33.546798",NA,NA,NA,-28.5849026142584,137.959968993551,"N",0,32,17.7,25,0,0,0.1193,1,0.0428358092904091
0,"2020-05-08 20:11:50.405056","Waikerie","South Australia",1670,-32.9099678704059,139.979377617467,"N",0,12.8,25.3,63,17,0,0.1751,180,0.136841729283333
0,"2020-09-28 21:22:13.105592",NA,NA,NA,-18.3385812220235,123.589066158835,"D",0,22.8,6.3,76,0,0,0.2334,127,0.0298363100737333
0,"2020-01-19 20:38:18.805353","Waikerie","South Australia",1670,-33.9681693589093,139.87229944821,"N",0,18.8,21.7,74,96,0,0.2595,44,0.0444470830261707
0,"2020-01-31 20:45:46.607781",NA,NA,NA,-31.4109886524421,133.001171417269,"D",0,19.8,23.2,66,97,0,0.2487,120,0.0398236140608788
0,"2020-09-07 20:57:17.348987",NA,NA,NA,-31.0682862926718,141.184941051109,"D",0,22.4,11.5,30,10,0,0.2049,106,0.0681996941566467
0,"2020-03-04 20:10:12.938439",NA,NA,NA,-21.8085826049179,127.128270359868,"D",0,20.9,6.5,59,0,0,0.1908,425,0.0649055391550064
0,"2020-08-27 19:06:25.900907",NA,NA,NA,-33.3472068515488,123.73625901959,"N",0,12.4,16.5,73,0,0,0.4267,144,0.131200388073921
0,"2020-07-10 21:40:38.341199",NA,NA,NA,-30.4012305951406,116.291601603842,"D",0,4.9,17.1,84,0,0,0.5975,277,0.173964470624924
0,"2020-08-28 18:02:37.155837",NA,NA,NA,-20.4518790804219,118.180254659997,"N",0,20.4,13.1,46,55,0,0.1981,11,0.0696437060832977
0,"2020-08-22 07:56:57.456194",NA,NA,NA,-27.2469544298971,122.595934973927,"D",0,19.4,10.8,18,68,0,0.1735,508,0.0453964807093143
0,"2020-10-09 21:06:48.507897",NA,NA,NA,-28.6930741238494,140.702587804523,"D",0,18,11.6,58,0,0,0.1928,65,0.0769760757684708
0,"2020-02-01 20:11:52.741266","Roxby Downs","South Australia",3671,-30.8904439227592,135.756985010627,"N",0,18.5,24,62,100,0,0.1346,137,0.0392542406916618
0,"2020-02-14 19:04:14.319125",NA,NA,NA,-27.7124559137191,146.741621738129,"D",0,30.4,3.3,51,4,0,0.2134,208,0.065954178571701
0,"2020-04-02 09:41:10.792991",NA,NA,NA,-30.2687331157225,129.24491029632,"N",0,18.6,13,60,65,0,0.1538,172,0.0996052771806717
0,"2020-11-23 20:58:53.282297",NA,NA,NA,-24.8918145719685,138.354991934355,"D",0,29.9,23.1,30,93,0,0.1548,68,0.0286116153001785
0,"2020-09-07 20:55:56.185922",NA,NA,NA,-24.4224706291059,143.325853399458,"D",0,24.2,23.4,45,0,0,0.2117,180,0.0542625673115253
0,"2020-10-14 20:31:38.425656","Griffith","New South Wales",18196,-33.5691112925923,145.576147686629,"N",0,27.1,20,29,0,0,0.7461,116,0.101153284311295
0,"2020-07-02 08:58:54.567782",NA,NA,NA,-22.6008012959067,141.192211599034,"D",0,18.8,8.6,48,0,0,0.1421,194,0.166829273104668
0,"2020-01-18 09:56:58.501801",NA,NA,NA,-22.8493883429128,121.385391423464,"D",0,28.3,16.8,68,93,0,0.1277,463,0.106815308332443
0,"2020-09-21 21:00:21.459815",NA,NA,NA,-20.3787962928876,123.124158486128,"D",0,21.2,23.4,15,30,0,0.1908,244,0.0262482259422541
0,"2020-08-25 07:48:22.631229",NA,NA,NA,-23.2979231850891,118.646708029933,"D",0,25.8,11.1,25,1,0,0.2034,835,0.0756426081061363
0,"2020-08-31 07:42:56.200811",NA,NA,NA,-27.27580611264,126.800265730639,"N",0,22.9,4.8,20,0,0,0.164,454,0.0412705019116402
0,"2020-08-14 19:34:48.225402",NA,NA,NA,-31.3526037831671,132.351530365454,"D",0,9.6,7.6,93,13,0,0.206,52,0.0782210230827332
0,"2020-07-14 10:13:05.961111",NA,NA,NA,-17.1989939805633,131.703576966191,"D",0,16.1,15.5,20,0,0,0.2774,240,0.0626578032970428
0,"2020-02-10 10:30:00.609748",NA,NA,NA,-19.1241331529209,134.934566505671,"D",0,32,10,41,16,0,0.1898,228,0.116899453103542
0,"2020-03-05 09:41:09.692044",NA,NA,NA,-19.2653325109161,129.492961950315,"N",0,22.4,4.4,74,11,0,0.2518,458,0.112391442060471
0,"2020-04-18 09:32:03.706194",NA,NA,NA,-24.8758089231694,115.852510719528,"D",0,29.5,22.1,36,7,0,0.1514,247,0.0895347148180008
0,"2020-04-02 18:55:36.350259",NA,NA,NA,-31.5940617224417,118.097981073518,"N",0,10.6,11.8,67,0,0,0.1429,281,0.0832074880599976
0,"2020-08-22 19:12:18.835525",NA,NA,NA,-19.237123194769,140.031345114764,"D",0,18.3,23.8,30,0,0,0.3113,75,0.150144159793854
0,"2020-10-11 19:49:47.714012",NA,NA,NA,-18.2727088302204,133.963441936495,"D",0,25.9,24.3,12,0,0,0.1859,230,0.0311969928443432
0,"2020-08-08 09:43:27.141681",NA,NA,NA,-21.3884427979542,123.760176782036,"D",0,13.9,9.2,28,0,0,0.1581,308,0.0319057479500771
0,"2020-06-17 20:04:44.030284","Roxby Downs","South Australia",3671,-29.4517995165139,137.721529424374,"D",0,11,19,58,0,0,0.1079,16,0.0493166595697403
0,"2020-08-26 08:31:34.640109",NA,NA,NA,-20.9750543932698,127.892832230828,"D",0,23.5,9.5,19,17,0,0.2023,416,0.049079317599535
0,"2020-03-10 09:39:19.047529","Swan Hill","Victoria",9864,-35.0326032189638,144.31588895607,"D",0,20.5,9.5,63,19,0,0.2641,80,0.155156627297401
0,"2020-09-30 20:28:28.598912",NA,NA,NA,-27.6975441227619,129.717696428561,"D",0,18.8,6.3,58,0,0,0.1502,399,0.0461393371224403
0,"2020-09-02 20:42:43.480299",NA,NA,NA,-27.5188660834407,139.744894222773,"N",0,22.7,4.7,24,0,0,0.1619,31,0.072795644402504
0,"2020-05-02 09:20:54.858164",NA,NA,NA,-24.1043044396756,125.601141870027,"D",0,18,16.7,24,0,0,0.1615,425,0.0336480848491192
0,"2020-08-18 08:11:26.26423","Narrabri","New South Wales",5499,-30.9612895243468,149.419353169108,"N",0,9.9,10.1,80,40,0,0.5705,442,0.172832891345024
0,"2020-07-06 20:07:53.558382",NA,NA,NA,-25.5322901614045,116.360214273675,"D",0,10.6,14.3,79,0,0,0.1693,383,0.0708422884345055
0,"2020-08-21 08:08:42.964422",NA,NA,NA,-28.7346944171435,126.316213834762,"N",0,15.1,7.3,42,1,0,0.2104,310,0.0512448102235794
0,"2020-02-28 18:51:38.444987",NA,NA,NA,-22.9331576970906,134.657894635335,"N",0,26.8,21.3,16,0,0,0.2099,577,0.0677114129066467
0,"2020-08-18 18:11:23.551195",NA,NA,NA,-23.3533004140261,144.462699179086,"D",0,19.2,14.4,41,0,0,0.1472,216,0.165382593870163
0,"2020-08-01 09:30:05.131979",NA,NA,NA,-19.0069418579385,131.067947003096,"D",0,16.6,16.4,17,0,0,0.2365,288,0.0311591774225235
0,"2020-01-14 19:45:11.667929",NA,NA,NA,-28.604781792605,129.824469433684,"D",0,21.7,14.1,44,52,0,0.1867,399,0.0551602318882942
0,"2020-06-20 22:12:09.76052",NA,NA,NA,-25.1870549344664,130.906714372183,"D",0,6.8,14.4,58,0,0,0.2112,509,0.0366349443793297
0,"2020-09-02 09:26:33.100046",NA,NA,NA,-34.767548840727,116.571490534926,"D",0,9.9,12.1,73,63,0,0.7649,123,0.348516255617142
0,"2020-02-06 21:56:21.684335",NA,NA,NA,-28.258469830677,143.835205358859,"D",0,25.8,17.9,62,0,0,0.1598,154,0.0322810262441635
0,"2020-03-03 10:06:58.221522",NA,NA,NA,-21.0077963100814,122.466652809685,"D",0,28.6,15.1,21,0,0,0.1706,279,0.0865248292684555
0,"2020-08-29 07:52:03.907968",NA,NA,NA,-29.2584656332463,131.202614749026,"D",0,17.5,35.4,55,40,0,0.2217,282,0.048474557697773
0,"2020-12-09 21:01:08.868611","Port Augusta","South Australia",6562,-31.3233748895261,138.165202191885,"D",0,27.9,20.6,23,88,0,0.1576,42,0.0624668970704079
0,"2020-09-06 09:24:36.188764",NA,NA,NA,-23.6795242017909,129.131019479894,"N",0,24.6,9.8,24,3,0,0.161,455,0.03011230006814
0,"2020-11-14 09:06:06.71082","Narrabri","New South Wales",5499,-30.5062337760926,149.566771116396,"D",0,15.4,6.3,59,0,0,0.611,258,0.0908379331231117
0,"2020-07-15 21:49:32.822775","Seymour","Victoria",6569,-36.82296649628,144.992455621436,"N",0,6.5,15,92,97,0,0.7419,157,0.222131833434105
0,"2020-06-03 20:11:53.817666",NA,NA,NA,-32.8784086932807,120.246360758928,"D",0,8.9,8.7,84,23,0,0.5283,294,0.16561296582222
0,"2020-05-20 20:38:47.785423",NA,NA,NA,-17.4466062899888,124.035409934472,"N",0,19.5,15.4,74,100,0,0.365,44,0.201362639665604
0,"2020-07-05 19:58:41.675429","Esperance","Western Australia",2080,-32.9481397443218,122.218463612176,"D",0,14.9,23.7,38,70,0,0.4353,249,0.145754724740982
0,"2020-09-28 21:22:24.132823","Perth","Western Australia",2141834,-30.6093698413472,115.291328056994,"D",0,12.1,8,86,9,0,0.4243,53,0.121803775429726
0,"2020-01-15 20:00:56.808848",NA,NA,NA,-25.1887669832316,144.186072447826,"D",0,30,21.3,47,0,0,0.2319,249,0.0502468906342983
0,"2020-08-15 09:24:44.167693",NA,NA,NA,-26.2936307879395,136.590931130822,"D",0,12.6,10.5,53,0,0,0.1586,73,0.0804232507944107
0,"2020-09-15 09:46:55.61052",NA,NA,NA,-19.7203680071386,138.915495356359,"D",0,24,15,26,0,0,0.386,266,0.0764936804771423
0,"2020-07-18 09:01:08.82259",NA,NA,NA,-24.5677945563177,137.766909623308,"N",0,13.6,8.2,28,0,0,0.1951,104,0.0385910719633102
0,"2020-11-24 20:34:11.100989",NA,NA,NA,-21.7395788147766,119.546094289441,"N",0,29.4,16.4,42,27,0,0.214,353,0.051348190754652
0,"2020-04-09 08:55:16.458314",NA,NA,NA,-32.2673223019494,120.290424065824,"D",0,24.1,10.7,34,15,0,0.1992,342,0.0645046085119247
0,"2020-07-28 20:17:07.239928",NA,NA,NA,-29.5163675243176,123.873471507875,"D",0,9.7,13.3,99,25,0,0.1613,459,0.0435348823666573
0,"2020-07-26 20:11:31.834379",NA,NA,NA,-19.101105761005,132.245696035806,"D",0,12.9,19.7,41,0,0,0.1631,260,0.0438022166490555
0,"2020-05-14 20:26:01.122303",NA,NA,NA,-24.3999805964138,142.409329474706,"D",0,18.9,19.6,38,0,0,0.1501,187,0.0395244173705578
0,"2020-05-23 21:15:39.069872","Boulder","Western Australia",4825,-30.807993895227,122.796955185564,"N",0,8.6,17.3,45,100,0,0.3342,368,0.0579230189323425
0,"2020-12-30 19:38:41.757955",NA,NA,NA,-21.5323630551099,138.392990924845,"D",0,29.9,11.9,56,2,0,0.2287,199,0.242043569684029
0,"2020-03-01 10:07:57.022913","Charters Towers","Queensland",8040,-20.1316305776869,144.46778819545,"N",0,20.9,15,89,74,0,0.7438,794,0.157916739583015
0,"2020-06-03 09:01:28.025494",NA,NA,NA,-24.1737041681287,126.707118197823,"N",0,14.6,15,34,13,0,0.1439,477,0.0503197386860847
0,"2020-05-19 17:44:52.88503",NA,NA,NA,-22.5217242960761,143.771463156951,"D",0,18.6,16.1,88,94,0,0.1518,253,0.17584964632988
0,"2020-02-25 09:18:08.45656",NA,NA,NA,-16.5564513283479,130.545406209288,"N",0,32.7,14.9,52,100,0,0.3384,210,0.211407199501991
0,"2020-07-18 09:31:21.650738",NA,NA,NA,-29.0264961595247,128.049962057853,"N",0,8.4,7.7,62,65,0,0.2541,260,0.0409165695309639
0,"2020-04-19 19:53:33.488161",NA,NA,NA,-24.0418799107307,129.87288460089,"D",0,26.5,8,28,25,0,0.185,513,0.0320995263755322
0,"2020-12-29 21:30:25.182117",NA,NA,NA,-25.1113957877156,138.256114876763,"N",0,28.9,19.7,19,0,0,0.1598,57,0.0327384658157825
0,"2020-03-13 21:16:42.323603","Griffith","New South Wales",18196,-34.4212131778596,144.958016726194,"D",0,14.4,32.4,46,1,0,0.2029,91,0.112807422876358
0,"2020-08-29 21:07:26.723561","Boulder","Western Australia",4825,-31.0773033950465,122.974645135897,"D",0,8.1,12.9,72,19,0,0.3925,314,0.0652973726391792
0,"2020-08-07 11:04:36.205538",NA,NA,NA,-32.1141732948076,135.77657645629,"D",0,5.3,11,96,0,0,0.1925,261,0.0872933715581894
0,"2020-08-25 18:12:32.709841",NA,NA,NA,-25.0315110055887,145.319203484738,"D",0,12.1,16.1,42,0,0,0.2194,308,0.189786151051521
0,"2020-02-26 08:37:33.387176","Narrabri","New South Wales",5499,-30.8427090206512,149.345138832641,"D",0,20,6.1,96,5,0,0.3153,415,0.202355325222015
0,"2020-12-27 20:07:54.59001",NA,NA,NA,-22.7510170289712,125.237891958767,"N",0,27.3,20.8,59,93,0,0.1875,355,0.0772083029150963
0,"2020-08-04 09:37:52.510309","Esperance","Western Australia",2080,-33.0259888082832,122.659574514645,"N",0,5.5,8.5,97,92,0,0.3253,233,0.158737182617188
0,"2020-08-30 18:48:55.5233",NA,NA,NA,-24.511838242251,126.9241938328,"N",0,17.3,15.6,34,0,0,0.1769,456,0.0478583797812462
0,"2020-03-24 18:57:43.174989",NA,NA,NA,-25.6200001592015,145.137557219417,"D",0,26.3,17.3,59,12,0,0.4446,331,0.110796362161636
0,"2020-12-27 08:19:20.474625",NA,NA,NA,-24.9094762262377,145.319730831668,"N",0,28.6,11.7,40,22,0,0.1852,303,0.194783866405487
0,"2020-11-12 10:19:40.017689",NA,NA,NA,-27.5705723199231,141.933593135243,"N",0,25,16.9,27,0,0,0.181,74,0.133074879646301
0,"2020-04-09 09:04:15.115354",NA,NA,NA,-25.8558767421665,118.637063516919,"D",0,28.5,14,27,8,0,0.186,508,0.0690252333879471
0,"2020-03-06 20:08:35.927951",NA,NA,NA,-31.4039720972454,128.516313637721,"N",0,17.3,23.3,77,70,0,0.1749,122,0.0609016939997673
0,"2020-01-22 08:55:41.96519",NA,NA,NA,-26.8717124117331,149.506946263184,"D",0,26.5,21.1,69,100,0,0.4082,295,0.131967633962631
0,"2020-04-30 20:30:15.121359",NA,NA,NA,-17.7528075087639,132.501135127232,"N",0,18.1,35,24,37,0,0.2625,233,0.0938368141651154
0,"2020-09-23 10:03:15.460104",NA,NA,NA,-32.6298479250562,135.16888618574,"D",0,9.9,6.6,80,43,0,0.3167,99,0.068337082862854
0,"2020-12-05 09:53:27.686562","Kapunda","South Australia",2947,-33.9794360412247,139.321335667442,"D",0,14,16.1,68,35,0,0.3047,169,0.0716160535812378
0,"2020-09-01 09:16:36.321037",NA,NA,NA,-28.6369294230571,119.666398732593,"D",0,14.5,22.1,44,11,0,0.1987,489,0.0986502468585968
0,"2020-07-21 19:59:13.632259",NA,NA,NA,-27.0241025088013,122.841104293235,"D",0,7.9,11.3,71,0,0,0.2459,480,0.07481998950243
0,"2020-09-07 20:58:53.717713",NA,NA,NA,-29.0175291834152,129.992407282825,"D",0,15.9,20.3,61,42,0,0.2116,258,0.0455114170908928
0,"2020-12-24 22:40:18.255977","Boulder","Western Australia",4825,-30.8832316811022,120.751331661401,"D",0,26.4,14.8,28,0,0,0.2916,465,0.0411404259502888
0,"2020-12-23 19:43:55.013954",NA,NA,NA,-25.4249107833729,122.037542916058,"D",0,24,23.9,25,0,0,0.1796,526,0.114694252610207
0,"2020-01-13 19:23:38.81982",NA,NA,NA,-22.3427573489229,117.686864876477,"N",0,26.9,16.5,67,36,0,0.2149,605,0.179390847682953
0,"2020-01-13 20:51:29.89487","Wingham","New South Wales",4556,-32.0581703382018,152.110287325602,"D",0,23.5,6.8,61,66,0.1,0.3912,341,0.062468595802784
0,"2020-03-05 10:33:00.901186","Rutherglen","Victoria",2324,-36.1986713863628,146.60193761612,"N",0,17.9,10.2,98,100,0.1,0.3102,225,0.0522190183401108
0,"2020-03-12 20:41:23.786779","Bathurst","New South Wales",34303,-33.1922403067249,149.292971417664,"D",0,15.6,5.8,66,0,0,0.4684,687,0.256642580032349
0,"2020-10-17 20:43:55.349519",NA,NA,NA,-22.4614252426973,129.403334619133,"N",0,31.2,22.2,32,46,0,0.1544,382,0.0266942121088505
0,"2020-05-17 19:49:37.448479",NA,NA,NA,-23.9603182386047,120.020655308146,"D",0,14.1,12.3,22,92,0,0.2571,581,0.0645737275481224
0,"2020-03-06 09:10:05.154943",NA,NA,NA,-25.8220619736067,127.082443921964,"N",0,27.7,8.3,16,0,0,0.1844,532,0.0286002866923809
0,"2020-12-14 19:39:23.813777",NA,NA,NA,-27.001542310769,119.218251417155,"D",0,24.5,31.4,48,47,0,0.1435,534,0.0520230792462826
0,"2020-07-12 21:27:03.037953",NA,NA,NA,-18.2559482574882,129.634122538818,"D",0,13.3,20.4,28,0,0,0.285,408,0.0505748987197876
0,"2020-06-08 10:40:18.890889",NA,NA,NA,-21.4527611004227,138.255850842673,"D",0,15.9,18.3,35,38,0,0.2169,183,0.157657146453857
0,"2020-09-19 10:53:31.767953",NA,NA,NA,-25.0445537650734,115.819072349381,"D",0,16.1,28.3,54,0,0,0.1269,244,0.09641482681036
0,"2020-08-04 10:02:01.859164","Roxby Downs","South Australia",3671,-30.6014975503059,135.626140457345,"N",0,13.3,19.2,50,93,0,0.165,146,0.049696758389473
0,"2020-11-19 09:10:34.633558",NA,NA,NA,-25.2411983119604,124.903102146111,"D",0,33.7,12,20,100,0,0.1195,452,0.0600442998111248
0,"2020-06-26 20:52:31.845319",NA,NA,NA,-27.5964076107727,133.91752337516,"N",0,6.8,10.4,67,0,0,0.1701,306,0.050047155469656
0,"2020-09-25 20:54:05.853677",NA,NA,NA,-24.5344890388708,136.58351344768,"N",0,16,23.5,28,18,0,0.1893,167,0.0323304049670696
0,"2020-08-02 20:11:09.57515",NA,NA,NA,-27.0649762593946,141.380053289217,"N",0,14.4,6.5,33,0,0,0.1988,96,0.174625307321548
0,"2020-06-21 21:09:59.046721",NA,NA,NA,-29.8196108310741,123.982015980544,"D",0,1.5,9.1,85,0,0,0.1876,346,0.0460286140441895
0,"2020-04-23 10:13:15.272724",NA,NA,NA,-18.8196260120511,124.671944533738,"N",0,32.2,15,21,0,0,0.3458,132,0.0559064224362373
0,"2020-03-05 20:14:41.423774",NA,NA,NA,-26.4213288948001,115.290486403837,"D",0,19,10,89,37,0,0.2261,255,0.0445241965353489
0,"2020-03-22 20:04:13.239241",NA,NA,NA,-22.4388828664536,120.017903885211,"N",0,26.7,15.3,37,76,0,0.2319,501,0.0856905058026314
0,"2020-05-27 20:08:09.578935",NA,NA,NA,-16.7494786709544,127.095605601737,"D",0,17.5,20.5,57,92,0,0.3275,450,0.0840146169066429
0,"2020-10-20 20:59:18.036976","Maddingley","Victoria",3453,-37.6930450172689,144.209963299176,"D",0,12.4,6.5,76,50,0,0.8087,435,0.274449616670609
0,"2020-02-09 09:51:02.96281",NA,NA,NA,-28.1143239072309,138.409429725909,"D",0,26.5,18.9,53,0,0,0.1503,30,0.0261520817875862
0,"2020-03-11 21:53:48.391431",NA,NA,NA,-19.314576151697,129.053530382593,"N",0,27.2,12,35,0,0,0.266,456,0.139089271426201
0,"2020-11-09 20:47:42.384345",NA,NA,NA,-20.5614997513495,138.372896673522,"N",0,31.7,16.7,50,0,0,0.1638,242,0.0450140684843063
0,"2020-12-21 09:57:14.565693",NA,NA,NA,-19.055755351039,135.866220554217,"N",0,26,12.3,82,94,0.6,0.1461,219,0.0771345421671867
0,"2020-12-05 09:38:03.584045","Perth","Western Australia",2141834,-30.7121983943901,116.830380672186,"N",0,16.1,13.8,67,0,0,0.1663,275,0.0543188229203224
0,"2020-05-29 09:51:57.62722",NA,NA,NA,-27.9856792241218,143.863508945984,"N",0,11.2,8.6,61,0,0,0.3822,134,0.0576829165220261
0,"2020-11-21 20:32:41.031968",NA,NA,NA,-19.5048123537004,139.154262944901,"N",0,31.1,22.8,43,0,0,0.3072,344,0.0712977573275566
0,"2020-06-03 20:47:41.185065",NA,NA,NA,-26.4056225083088,138.439611984715,"D",0,11.5,16.6,74,0,0,0.1284,22,0.0444460362195969
0,"2020-07-27 08:46:46.255741",NA,NA,NA,-23.2821714699037,140.296774395168,"D",0,14.4,13.8,37,0,0,0.1256,156,0.159965217113495
0,"2020-08-06 21:26:03.767631",NA,NA,NA,-17.5314901138858,127.19294622596,"D",0,12.6,10.7,38,82,0,0.194,497,0.0345773622393608
0,"2020-09-01 20:24:53.302798",NA,NA,NA,-25.176833067513,125.579381528749,"N",0,16.9,9.5,48,0,0,0.1369,448,0.0425063818693161
0,"2020-07-19 21:39:56.975666",NA,NA,NA,-16.5946160602,131.077276301295,"D",0,20.3,8.2,20,0,0,0.2718,103,0.170074701309204
0,"2020-07-27 09:24:33.517605",NA,NA,NA,-21.7457884396643,145.278070752048,"D",0,11.8,9.7,36,0,0,0.1963,271,0.0886880680918694
0,"2020-11-08 20:16:13.543483",NA,NA,NA,-16.9487264441591,138.486697342932,"D",0,30.3,8.9,71,45,0.1,0.3098,11,0.144463211297989
0,"2020-03-05 18:14:48.587133","Boulder","Western Australia",4825,-29.9338196470616,120.995722038928,"D",0,24.9,21.4,23,55,0,0.2655,399,0.145009070634842
0,"2020-06-12 10:32:58.408736",NA,NA,NA,-27.1716780699816,130.961739711713,"N",0,16.1,16.2,38,7,0,0.1892,482,0.0394337177276611
0,"2020-07-19 21:34:43.093163","Red Cliffs","Victoria",3070,-33.1839671848557,142.258765861158,"D",0,8,10.7,84,0,0,0.2256,70,0.1518444865942
0,"2020-08-27 19:04:41.064975","Bourke","New South Wales",1535,-29.6348381854692,146.871095595916,"D",0,14.3,6.4,44,0,0,0.2925,122,0.123166836798191
0,"2020-08-19 07:26:32.15424",NA,NA,NA,-31.2325887292385,141.706474613125,"D",0,12.8,25.8,56,7,0,0.195,233,0.116789907217026
0,"2020-02-25 09:54:05.902215","Parkes","New South Wales",9832,-32.4274331710396,147.818310308308,"N",0,21.9,8.5,81,87,0,0.3172,215,0.211754649877548
0,"2020-08-01 08:54:45.777718",NA,NA,NA,-20.395161118691,128.572722955006,"D",0,16.5,10.9,14,0,0,0.2328,364,0.0322199985384941
0,"2020-03-28 09:54:51.020296",NA,NA,NA,-25.3268179993971,135.835719268269,"N",0,25,11.8,25,0,0,0.1851,154,0.0501909181475639
0,"2020-01-15 20:11:36.36615",NA,NA,NA,-27.073305599556,144.323305224809,"D",0,29.7,11.6,52,18,0,0.1885,174,0.0285490900278091
0,"2020-01-01 08:30:15.642779",NA,NA,NA,-23.2855419903797,116.647446673977,"N",0,35.2,23.7,26,2,0,0.1698,350,0.0700548887252808
0,"2020-08-24 20:34:27.770416",NA,NA,NA,-20.1463106699907,123.661407378191,"D",0,20.4,15.4,48,0,0,0.209,280,0.0322919562458992
0,"2020-02-22 18:55:09.806732",NA,NA,NA,-26.4655391679829,142.48741983312,"N",0,28.2,11.6,61,84,0,0.1572,135,0.060033917427063
0,"2020-07-10 20:07:31.301787","Manilla","New South Wales",2014,-30.7184998223441,150.506590963407,"N",0,14,12.1,82,99,0.1,0.6689,386,0.221372663974762
0,"2020-02-23 20:01:36.50648","Griffith","New South Wales",18196,-33.4537554220062,145.273072922425,"D",0,24.2,8.2,56,6,0,0.2029,109,0.181988894939423
0,"2020-06-07 20:30:17.831933",NA,NA,NA,-25.1641509777958,124.00520369641,"D",0,9.9,18.2,35,0,0,0.1517,469,0.087563157081604
0,"2020-02-28 21:19:46.900394",NA,NA,NA,-24.9375903625774,134.820037709896,"N",0,24.4,14.8,26,0,0,0.1688,294,0.0325822867453098
0,"2020-06-02 09:49:47.58478",NA,NA,NA,-24.5219318876213,119.517101542243,"D",0,16.4,18.1,36,87,0,0.2065,654,0.0941445603966713
0,"2020-01-29 19:43:28.481373",NA,NA,NA,-29.6970595422742,143.39969939207,"D",0,36.2,14.8,29,77,0,0.1814,142,0.0250783450901508
0,"2020-12-14 19:52:05.5166","Cowra","New South Wales",8254,-33.8076967252104,148.920884878882,"N",0,23,16.9,61,67,0,0.3663,606,0.0873277261853218
0,"2020-06-12 20:24:14.738139",NA,NA,NA,-17.6751070908243,126.495157338177,"D",0,21.6,8.7,50,44,0,0.2053,528,0.0683395564556122
0,"2020-09-02 20:32:19.886366",NA,NA,NA,-25.4267805627745,131.346128948353,"D",0,17.2,15.5,23,0,0,0.1607,537,0.0374950468540192
0,"2020-02-21 09:37:31.777721",NA,NA,NA,-27.1218426603954,124.446843388312,"D",0,28.5,25.4,29,3,0,0.1988,408,0.0748311877250671
0,"2020-01-09 21:07:54.838255",NA,NA,NA,-21.7485894176633,136.17726423408,"D",0,33.5,16.1,42,96,0,0.1746,319,0.0251477751880884
0,"2020-05-18 21:23:02.230629",NA,NA,NA,-24.9065280153811,118.94426843635,"D",0,13.4,25.8,46,90,0,0.2839,563,0.0729733258485794
0,"2020-08-23 19:45:55.83208",NA,NA,NA,-23.2526193902422,121.4159884953,"D",0,19.4,15,25,65,0,0.1926,493,0.0404528453946114
0,"2020-01-18 21:18:00.746879",NA,NA,NA,-24.2534581171478,126.582844185525,"D",0,27.2,32.6,42,16,0,0.1308,482,0.0793536603450775
0,"2020-05-13 09:26:09.576996",NA,NA,NA,-20.612397418334,141.201900773413,"N",0,22.8,12.2,46,9,0,0.1572,124,0.166720271110535
0,"2020-12-07 09:07:50.717358","Walgett","New South Wales",1377,-28.6048258553392,147.575338931362,"D",0,25.5,21.7,18,100,0,0.195,161,0.0391515754163265
0,"2020-02-08 21:08:12.025874",NA,NA,NA,-22.1077280838229,135.374663825591,"D",0,29.9,13.4,27,0,0,0.3084,405,0.107346400618553
0,"2020-02-02 20:28:04.343124","Cobar","New South Wales",3369,-32.1812140156572,145.429329829592,"N",0,23.5,23.6,36,20,0,0.2826,161,0.0470250360667706
0,"2020-10-09 19:53:54.809595","Temora","New South Wales",4016,-34.4630811515444,147.568695778194,"D",0,14.1,9.4,64,4,0,0.9096,315,0.220612794160843
0,"2020-04-04 20:22:14.242172",NA,NA,NA,-31.5087447751346,143.808107750347,"N",0,15.9,12.2,74,0,0,0.2363,80,0.166766911745071
0,"2020-02-22 20:25:17.011803",NA,NA,NA,-27.6737825882861,129.599028194964,"D",0,24.9,13.9,24,15,0,0.1655,419,0.0375130549073219
0,"2020-07-16 20:30:11.993503",NA,NA,NA,-28.1463338801372,139.103623504984,"D",0,8.2,7.9,64,0,0,0.1168,31,0.157885313034058
0,"2020-04-18 09:01:46.19938",NA,NA,NA,-26.0461776513576,127.753126845963,"D",0,26.6,9,30,0,0,0.2028,483,0.0326699577271938
0,"2020-06-19 09:21:26.50736",NA,NA,NA,-15.8312499184759,130.34457161208,"D",0,24.3,16.2,31,0,0,0.3811,166,0.0926054865121841
0,"2020-05-21 11:02:17.304424",NA,NA,NA,-17.261456051392,136.561091728544,"N",0,16.6,22.2,78,100,0,0.3286,259,0.0824095755815506
0,"2020-06-27 21:31:44.55079","Warrnambool","Victoria",29661,-38.3618301432567,142.37881076633,"N",0,6.8,10.4,83,0,0,-0.9999,0,0.240129187703133
0,"2020-08-21 19:27:36.774264",NA,NA,NA,-23.6654004906777,138.218651391771,"N",0,15.1,17.6,34,0,0,0.204,133,0.0403488352894783
0,"2020-05-21 21:27:03.274869",NA,NA,NA,-21.9669102453697,126.81544793438,"N",0,15.4,14.7,34,1,0,0.1687,350,0.041095644235611
0,"2020-03-21 20:01:06.100881",NA,NA,NA,-25.4114151709839,124.275984996911,"D",0,24.5,32.7,42,0,0,0.1624,463,0.0632327571511269
0,"2020-02-16 20:19:03.157908",NA,NA,NA,-20.9759964330796,132.886738931928,"D",0,32,23.5,27,63,0,0.1824,473,0.124442242085934
0,"2020-03-10 20:25:50.6303",NA,NA,NA,-16.9125028365495,129.371031638662,"D",0,25.7,4.3,52,0,0,0.5111,263,0.227045595645905
0,"2020-02-10 10:17:24.924453",NA,NA,NA,-29.1762626844996,123.350290561597,"D",0,25,23.6,43,96,0,0.1808,393,0.0441155657172203
0,"2020-10-11 20:13:01.411767",NA,NA,NA,-26.916029994165,147.404494721444,"N",0,22.2,8.9,63,16,0,0.2166,329,0.0534843504428864
0,"2020-09-18 09:49:13.665282",NA,NA,NA,-18.4860191570786,134.748351601944,"D",0,28.7,19.5,56,7,0,0.2507,204,0.068814367055893
0,"2020-08-10 20:57:27.003084",NA,NA,NA,-24.0758648015458,114.298321685987,"N",0,14.6,3.2,95,97,0,0.191,62,0.0370389223098755
0,"2020-08-23 17:38:58.906837",NA,NA,NA,-18.3780107877477,127.817714878663,"N",0,15.8,10.5,29,0,0,0.1827,366,0.0568913742899895
0,"2020-02-24 20:05:30.740457",NA,NA,NA,-28.0559749368337,132.392971512592,"N",0,26.7,16.4,30,0,0,0.1941,317,0.0313917808234692
0,"2020-11-28 09:33:39.915057",NA,NA,NA,-20.9488392619087,129.850485287371,"D",0,34.2,26.1,23,4,0,0.1962,341,0.0267848782241344
0,"2020-08-24 21:16:22.155533",NA,NA,NA,-28.9956469023347,137.491574427896,"D",0,13.4,15.8,57,0,0,0.0992,-15,0.0854476019740105
0,"2020-10-21 21:16:51.47133",NA,NA,NA,-17.8330176042207,139.193097134754,"D",0,30.9,11.4,63,11,0,0.2923,20,0.0919045582413673
0,"2020-01-21 20:11:39.869881",NA,NA,NA,-30.2598107326765,126.540776683357,"N",0,18.1,22.9,56,0,0,0.1538,232,0.108946599066257
0,"2020-02-25 16:36:38.39138","Gladstone","Queensland",34703,-24.3413697836189,151.200489394855,"D",0,25.2,7,83,94,0,0.7805,188,0.277732700109482
0,"2020-05-18 09:50:50.531875","Wauchope","New South Wales",6312,-31.5998519500157,152.466463131501,"N",0,13.6,3.2,70,30,0,0.7961,617,0.280177235603333
0,"2020-11-14 20:07:09.496298",NA,NA,NA,-26.7925523437601,136.103857605134,"D",0,36.7,32.4,26,0,0,0.1778,73,0.0452682077884674
0,"2020-05-10 09:42:44.524195",NA,NA,NA,-26.801551040086,117.574524103521,"D",0,15.5,9.2,63,54,0,0.1557,507,0.0354566350579262
0,"2020-01-22 09:25:16.3047",NA,NA,NA,-27.7301889101676,131.856886429371,"D",0,28.3,20.7,31,0,0,0.1684,437,0.0411938168108463
0,"2020-03-06 09:59:26.507038",NA,NA,NA,-19.3606566848954,144.017704039901,"D",0,21.3,6.6,95,21,0,0.4827,775,0.311240285634995
0,"2020-12-24 21:25:33.04214",NA,NA,NA,-17.467789374411,136.64801656946,"D",0,25,21.5,65,96,0,0.2805,280,0.127431422472
0,"2020-12-28 21:13:32.112282",NA,NA,NA,-21.0516490896633,140.240564564687,"N",0,27,13.3,84,89,0.1,0.2226,276,0.162709414958954
0,"2020-04-02 20:48:02.131644",NA,NA,NA,-18.7735511877163,132.739236738769,"D",0,32,22.3,40,6,0,0.2174,233,0.131712853908539
0,"2020-06-15 21:47:57.422003","Boulder","Western Australia",4825,-31.2893536074782,121.576918228868,"D",0,8.6,4,81,48,0,0.2277,316,0.0669900327920914
0,"2020-03-10 09:40:31.243154",NA,NA,NA,-22.0326270112901,136.70318794828,"N",0,24.4,11.8,45,0,0,0.2731,264,0.0840524807572365
0,"2020-03-01 08:50:10.017934",NA,NA,NA,-23.2798604820025,125.778128244632,"D",0,25.6,25.6,67,9,0,0.1568,381,0.0408466570079327
0,"2020-02-17 20:38:55.856106",NA,NA,NA,-19.8593702558456,142.70926681552,"D",0,29.5,14.1,66,0,0,0.3567,238,0.155931085348129
0,"2020-09-05 20:41:55.300659",NA,NA,NA,-25.2228685947313,135.135836822822,"N",0,18.1,10.8,23,0,0,0.1594,220,0.0422149896621704
0,"2020-09-30 21:11:17.075574",NA,NA,NA,-30.6205706091621,126.193416747936,"D",0,19.9,18.4,46,0,0,0.2107,201,0.105377182364464
0,"2020-05-04 20:08:27.107338",NA,NA,NA,-20.8539106370774,119.283045306149,"D",0,19.9,11.5,24,0,0,0.28,100,0.0416270233690739
0,"2020-09-09 09:57:30.214882",NA,NA,NA,-17.8754791075133,137.469727911166,"D",0,22.7,13.6,53,0,0,0.2461,285,0.0305765327066183
0,"2020-08-09 08:29:43.014439",NA,NA,NA,-20.6961225501535,143.094409544082,"N",0,15.4,15.9,30,0,0,0.1618,202,0.183266162872314
0,"2020-08-30 18:10:14.684838",NA,NA,NA,-31.5222356804696,140.692151039366,"N",0,8.4,16.2,83,0,0,0.1629,82,0.0742141753435135
0,"2020-01-17 09:08:57.357318","Young","New South Wales",7712,-34.3992739400822,148.127586379785,"D",0,19.2,25.8,68,93,0,0.2366,511,0.0250719543546438
0,"2020-07-03 20:58:07.886484","Charters Towers","Queensland",8040,-20.3923523167587,144.603481335586,"D",0,15.4,16.1,41,0,0,0.4635,656,0.151565402746201
0,"2020-07-30 10:19:13.987321","Leongatha","Victoria",5654,-38.8076041102816,146.152511522547,"N",0,8.2,6.4,88,10,0,0.4785,2,0.361922889947891
0,"2020-01-24 17:48:14.507846",NA,NA,NA,-19.6714995409034,130.120237025397,"D",0,29.5,17,63,95,0,0.1622,376,0.0916553735733032
0,"2020-06-07 20:01:19.318049","Seymour","Victoria",6569,-36.9140603722484,145.188800440142,"N",0,6.2,11.2,78,1,0,0.842,147,0.368475824594498
0,"2020-03-05 21:22:27.087903","Moree","New South Wales",7070,-28.1544583608284,149.546774533708,"D",0,24.6,13.7,75,14,0,0.3343,253,0.341675013303757
0,"2020-11-15 21:20:48.457598",NA,NA,NA,-20.5916578015773,135.276456060885,"D",0,33.1,23,27,52,0,0.1628,349,0.020440299063921
0,"2020-12-28 21:15:08.267673",NA,NA,NA,-26.5621444815052,116.526633346049,"D",0,30.8,33.5,26,37,0,0.1743,321,0.0266165379434824
0,"2020-01-14 19:34:59.866291",NA,NA,NA,-23.8676429659654,114.46439443608,"N",0,30,4.7,59,8,0,0.1347,86,0.0683205127716064
0,"2020-03-08 21:06:17.73359",NA,NA,NA,-21.967442505524,137.314398120723,"N",0,23.5,15.6,55,0,0,0.2392,248,0.0852275416254997
0,"2020-09-24 09:38:54.031176",NA,NA,NA,-24.8964246451845,143.885668841617,"N",0,16.6,7.5,39,0,0,0.1941,176,0.157792091369629
0,"2020-04-20 08:48:58.190374",NA,NA,NA,-30.1905487316453,143.637573781422,"D",0,21.6,14.1,39,66,0,0.1982,186,0.0952053070068359
0,"2020-11-19 20:45:34.602406","Nuriootpa","South Australia",6204,-34.4091210222903,139.402748820137,"D",0,20.7,12.5,53,0,0,0.3163,76,0.0793623998761177
0,"2020-10-14 20:47:25.119651",NA,NA,NA,-20.4589005915926,118.211443626049,"D",0,32.3,23,19,0,0,0.189,14,0.0686518177390099
0,"2020-08-31 09:17:27.750447",NA,NA,NA,-27.3184491989285,120.415032101666,"N",0,23.2,16.5,12,0,0,0.2315,517,0.0804469138383865
0,"2020-09-04 09:27:30.286876",NA,NA,NA,-16.3903755282096,123.677001219584,"D",0,23.8,10.2,90,0,0,0.5121,130,0.0365635231137276
0,"2020-12-24 22:47:43.692826","Cobar","New South Wales",3369,-31.8073430425304,146.651567342015,"D",0,25.5,13,27,0,0,0.2207,253,0.0922785997390747
0,"2020-08-24 18:42:53.38078",NA,NA,NA,-31.566617309099,125.42014175199,"N",0,10.2,12.8,87,0,0,0.1821,151,0.135111197829247
0,"2020-02-07 19:52:15.367642",NA,NA,NA,-28.3790287175802,146.181586801474,"D",0,27.2,10.9,57,14,0,0.2373,168,0.0515624023973942
0,"2020-03-07 18:15:20.894648",NA,NA,NA,-25.7598828444758,132.895667364406,"D",0,23.8,11.7,44,0,0,0.1451,507,0.0250710230320692
0,"2020-08-28 09:01:20.858435",NA,NA,NA,-19.4785931041493,134.810641485218,"D",0,19.9,10.5,17,0,0,0.205,260,0.0305418968200684
0,"2020-01-09 20:16:51.136688",NA,NA,NA,-28.406519236289,125.070197480342,"D",0,15.9,29.5,94,100,1.4,0.219,402,0.031850878149271
0,"2020-05-21 11:25:44.611503","Roxby Downs","South Australia",3671,-30.9303567824637,137.824430866192,"D",0,13.4,26.3,71,1,0,0.0891,30,0
0,"2020-02-06 20:37:00.171797",NA,NA,NA,-27.4027956061148,122.659279532327,"N",0,24.6,17.4,26,0,0,0.1994,551,0.0933785364031792
0,"2020-07-16 20:17:07.331383",NA,NA,NA,-30.2002184090689,124.896477829773,"D",0,13.6,18.3,25,62,0,0.3577,196,0.10877887904644
0,"2020-12-30 19:45:14.390627",NA,NA,NA,-17.7929650215506,125.354567066569,"D",0,27.2,15.4,83,21,0,0.475,252,0.228474840521812
0,"2020-05-27 10:06:37.173831",NA,NA,NA,-29.5699915556454,141.489615306632,"N",0,13.5,3.1,42,6,0,0.1204,221,0.170615985989571
0,"2020-07-05 09:36:15.814813",NA,NA,NA,-28.0360930904745,136.362026912841,"D",0,8.4,9,78,3,0,0.1626,42,0.0617886483669281
0,"2020-01-27 10:24:17.380177",NA,NA,NA,-26.5499139436091,120.188764075055,"N",0,32,17.8,15,0,0,0.1948,528,0.140836179256439
0,"2020-05-19 20:39:05.088533","Roxby Downs","South Australia",3671,-31.0663713833691,136.509472970187,"N",0,10.6,10.8,82,96,0,0.1729,114,0.0568324141204357
0,"2020-06-26 20:44:10.875072",NA,NA,NA,-26.4294178741228,119.244736046566,"N",0,9,8.1,67,1,0,0.1943,562,0.0818201452493668
0,"2020-08-20 09:06:40.081345","Swan Hill","Victoria",9864,-35.3069460463408,143.945487615713,"N",0,10.2,18.7,73,41,0.1,0.6942,72,0.259654521942139
0,"2020-11-02 09:32:13.235454",NA,NA,NA,-24.9180963884634,128.788898084614,"D",0,26.3,12,46,99,0,0.1487,598,0.0300872717052698
0,"2020-12-30 21:13:42.689017","Maddingley","Victoria",3453,-37.5690438556761,144.357359683868,"D",0,12.2,12.2,92,100,0.1,0.6091,571,0.0938381552696228
0,"2020-06-25 20:46:22.570067",NA,NA,NA,-23.9561775279345,136.324942571736,"N",0,8.4,8.9,54,0,0,0.2263,220,0.0431195385754108
0,"2020-08-25 09:26:14.980921","Mansfield","Victoria",3999,-37.2389319107501,146.880969607272,"N",0,1.8,5.5,91,35,0,0.6512,655,0.346333801746368
0,"2020-03-07 19:26:31.044386",NA,NA,NA,-23.7762942459384,138.235442200822,"D",0,22.1,13.7,65,0,0,0.2331,120,0.0437734387814999
0,"2020-08-04 20:30:55.033782",NA,NA,NA,-23.3472835469318,147.307049890493,"N",0,18.5,5.9,66,0,0,0.3701,430,0.070490226149559
0,"2020-05-07 21:06:00.628802",NA,NA,NA,-21.3370984980401,126.362888529484,"N",0,18.5,11.3,24,70,0,0.1983,369,0.0585450530052185
0,"2020-05-04 09:42:28.198274","Gilgandra","New South Wales",2417,-31.9207025502572,149.280563136144,"D",0,8.5,14.6,87,4,0,0.6348,513,0.179475724697113
0,"2020-07-09 08:46:37.304102",NA,NA,NA,-24.0006872969309,139.735829951556,"N",0,19.6,15,57,93,0,0.1828,102,0.153481170535088
0,"2020-03-31 20:59:51.186531",NA,NA,NA,-28.6085397895604,126.428839801629,"D",0,14.9,16.9,72,80,0,0.2042,366,0.0414403192698956
0,"2020-07-28 21:34:17.779276","Mareeba","Queensland",8585,-17.8805476376157,144.299752396668,"D",0,15.9,16.8,29,0,0,0.3802,564,0.091515950858593
0,"2020-10-09 21:01:33.882398",NA,NA,NA,-25.325937527704,117.129423127768,"D",0,20.8,16.7,32,0,0,0.1709,408,0.0340761765837669
0,"2020-03-11 20:26:36.658362",NA,NA,NA,-28.52691525139,117.664507470455,"D",0,22.2,10,49,10,0,0.1738,356,0.0520474687218666
0,"2020-02-28 08:33:23.937548",NA,NA,NA,-28.2279700507402,144.580560220341,"D",0,24,17,21,0,0,0.1746,232,0.0610395073890686
0,"2020-05-24 19:17:58.331072",NA,NA,NA,-24.3882512813216,125.090997087103,"N",0,15.9,30.1,26,88,0,0.1525,431,0.032441146671772
0,"2020-08-27 19:27:16.737543",NA,NA,NA,-16.7608412826846,136.127339525866,"D",0,24.2,26.4,15,19,0,0.2866,137,0.0437712147831917
0,"2020-08-23 07:43:25.809953",NA,NA,NA,-17.6040844977548,137.616504610058,"N",0,21.2,11.8,17,0,0,0.4042,297,0.0616640672087669
0,"2020-03-12 18:05:47.157945","Roxby Downs","South Australia",3671,-31.4191085839831,136.852103437581,"D",0,21.5,16.6,67,0,0,0.0859,91,0.0529657527804375
0,"2020-08-15 20:02:48.71855",NA,NA,NA,-21.5330052891043,140.021571741348,"N",0,16.4,15.5,36,0,0,0.2205,307,0.0689025521278381
0,"2020-02-09 08:53:46.40255",NA,NA,NA,-24.3630975006804,123.328274831874,"D",0,32.1,18.7,43,82,0,0.1695,453,0.0546026974916458
0,"2020-08-17 09:28:24.247095",NA,NA,NA,-21.8634966584798,123.706410465855,"D",0,21.8,15.9,34,0,0,0.173,270,0.0361117497086525
0,"2020-01-24 18:06:48.824573",NA,NA,NA,-31.0125545730029,141.08772900628,"D",0,26.9,18.4,26,0,0,0.1783,86,0.02766746096313
0,"2020-05-04 10:23:55.725206",NA,NA,NA,-28.4758391775796,122.419602717835,"D",0,18.9,16,24,0,0,0.178,476,0.0917401760816574
0,"2020-05-13 08:46:02.734964","Bourke","New South Wales",1535,-29.6917156483954,145.973132992338,"D",0,13.2,11,51,0,0,0.3308,123,0.0866284817457199
0,"2020-02-16 20:15:29.932907",NA,NA,NA,-27.1900389589322,124.461977258865,"D",0,31,23.6,36,92,0,0.156,403,0.0789155960083008
0,"2020-08-22 09:48:50.442788",NA,NA,NA,-24.5277617580528,143.166359779793,"D",0,11.8,13.2,36,0,0,0.1767,159,0.0958667322993279
0,"2020-11-28 20:58:22.101521",NA,NA,NA,-19.9575123872118,143.536676780609,"N",0,30.2,4.9,37,0,0,0.3064,437,0.0572722963988781
0,"2020-07-09 20:59:08.188913",NA,NA,NA,-26.6117742174021,135.606042618501,"D",0,9.2,5.8,60,0,0,0.1375,145,0.0556719116866589
0,"2020-08-05 09:49:18.38993",NA,NA,NA,-18.629958056621,124.970268866801,"D",0,20.9,16.7,29,0,0,0.2295,204,0.0439914204180241
0,"2020-02-22 20:49:52.895161",NA,NA,NA,-23.6122698657481,124.984106152748,"D",0,32.2,23.1,25,9,0,0.1867,378,0.100268572568893
0,"2020-08-27 20:58:24.162033","Griffith","New South Wales",18196,-34.1669867412923,145.80184335837,"D",0,9.4,10.2,75,0,0,0.8102,108,0.14711594581604
0,"2020-02-21 09:49:56.266588",NA,NA,NA,-26.6895957506257,117.120543627959,"D",0,29,24.9,32,23,0,0.1244,448,0.0632757991552353
0,"2020-08-19 21:00:32.523371",NA,NA,NA,-18.275323916122,144.015511811345,"N",0,22.4,4.1,35,63,0,0.3557,622,0.118660487234592
0,"2020-06-19 20:00:32.116265",NA,NA,NA,-26.4315639302576,140.373156802964,"D",0,18.3,10,52,100,0,0.1625,63,0.0477058216929436
0,"2020-02-14 09:16:56.130821",NA,NA,NA,-26.6622834155271,146.202829593597,"N",0,28,9,49,8,0,0.2828,285,0.0715999752283096
0,"2020-04-14 20:55:35.664702",NA,NA,NA,-16.658361026537,130.221093954624,"N",0,23.8,6.1,57,26,0,0.3598,256,0.124441877007484
0,"2020-01-09 20:01:06.531908",NA,NA,NA,-16.9884487408236,129.439921531177,"D",0,31,18.3,57,97,0,0.1806,328,0.139788195490837
0,"2020-09-01 17:27:10.728573",NA,NA,NA,-26.8268110706085,125.708069475784,"D",0,12,6.2,50,0,0,0.1567,461,0.0408390685915947
0,"2020-05-19 18:04:02.872898",NA,NA,NA,-18.5004034489181,131.19046152811,"N",0,20.4,13.4,36,100,0,0.263,253,0.0457116141915321
0,"2020-03-01 19:53:24.791785",NA,NA,NA,-24.1522808883557,117.847807779902,"N",0,31,14.8,32,2,0,0.2256,402,0.162499010562897
0,"2020-03-28 20:45:19.73634",NA,NA,NA,-20.9944987333327,141.712799179395,"D",0,28.1,18.7,55,0,0,0.2577,142,0.241437748074532
0,"2020-01-06 20:14:18.244085",NA,NA,NA,-28.5914003661402,122.203573515115,"D",0,26,18.1,38,0,0,0.1925,423,0.060207299888134
0,"2020-08-24 07:11:14.631303",NA,NA,NA,-23.6997894980834,133.95152594161,"N",0,23,9.7,19,0,0,0.1557,580,0.0402488894760609
0,"2020-02-05 09:51:13.87585","Whyalla","South Australia",21501,-32.7995007812395,137.423963547689,"N",0,18.3,18.5,76,0,0,0.2256,161,0.0463863797485828
0,"2020-12-07 10:12:29.838118",NA,NA,NA,-29.4616633628645,144.12508979932,"N",0,19.6,30.4,39,2,0,0.2144,148,0.0509813837707043
0,"2020-02-02 19:57:52.066704",NA,NA,NA,-33.464514809586,134.865501555219,"D",0,17.3,15.9,76,98,0.1,0.1935,7,0.0416870042681694
0,"2020-10-18 09:38:55.312188",NA,NA,NA,-31.5137601467873,118.458639688945,"N",0,17.9,10.5,53,0,0,0.2353,412,0.0704746693372726
0,"2020-06-19 10:01:38.954962",NA,NA,NA,-25.6989442379476,135.588963440161,"N",0,14.9,10.4,51,0,0,0.1463,139,0.0413000360131264
0,"2020-08-31 08:02:03.216697",NA,NA,NA,-18.1401972035769,127.424617865536,"N",0,26,13.4,18,0,0,0.2469,423,0.0418100357055664
0,"2020-10-01 19:22:52.222482","Cobar","New South Wales",3369,-31.689324303537,145.284996719935,"D",0,21.3,13.8,41,0,0,0.2296,180,0.10258362442255
0,"2020-08-18 18:07:26.123666",NA,NA,NA,-32.2952562694497,120.740395097359,"D",0,6.8,12,94,7,0,0.1749,312,0.17996284365654
0,"2020-11-14 08:50:14.514245","Mareeba","Queensland",8585,-17.0711083020164,145.03969354767,"N",0,22.6,6.9,75,29,0,0.3322,514,0.165101110935211
0,"2020-03-08 20:33:56.698253",NA,NA,NA,-29.2279704981664,120.156317050444,"D",0,19.1,27.8,71,0,0,0.2145,452,0.0776358768343925
0,"2020-05-16 09:14:09.53814",NA,NA,NA,-26.9510514192901,138.508298802905,"D",0,13.1,9.9,42,0,0,0.1347,20,0.137099802494049
0,"2020-01-10 19:32:35.478555",NA,NA,NA,-21.1402719045862,129.297410151835,"D",0,32.2,14,46,1,0,0.1485,361,0.0784272402524948
0,"2020-09-23 20:55:33.396489",NA,NA,NA,-26.704222085352,126.634095180775,"N",0,13.6,13,40,0,0,0.1484,509,0.0342757180333138
0,"2020-02-29 18:12:35.131871",NA,NA,NA,-26.2488355336984,148.741519181322,"D",0,25.2,14.8,71,4,0,0.6603,387,0.203664571046829
0,"2020-08-29 08:17:58.364942",NA,NA,NA,-25.5719578510366,134.237916623187,"D",0,19.4,12,16,55,0,0.1806,323,0.0565532855689526
0,"2020-08-25 19:40:00.612258",NA,NA,NA,-25.3387328645425,122.351479290395,"D",0,16.9,7.6,32,54,0,0.2062,527,0.0970966070890427
0,"2020-06-22 20:57:58.950769","Moree","New South Wales",7070,-29.224030429263,149.795421172995,"D",0,10.6,15.4,72,30,0,0.8871,195,0.22400775551796
0,"2020-07-10 21:35:47.557764",NA,NA,NA,-23.1789475132013,122.644517377711,"D",0,11.5,19.9,60,0,0,0.2059,347,0.0418213233351707
0,"2020-10-11 20:06:12.653885",NA,NA,NA,-20.4501956448509,140.877637666857,"D",0,29.2,17.6,27,0,0,0.2266,141,0.0446766205132008
0,"2020-04-30 21:11:19.990606","Roxby Downs","South Australia",3671,-31.5186502060584,135.695005284044,"D",0,11.6,19.3,76,2,0,-0.017,121,0.0779173374176025
0,"2020-10-20 21:06:22.625812","Inverell","New South Wales",9654,-29.92705925834,150.84017504099,"D",0,18.7,9.4,55,47,0,0.6082,716,0.0758165568113327
0,"2020-11-10 21:20:54.611931",NA,NA,NA,-27.5726712381771,133.490647327212,"D",0,24.2,16.2,26,0,0,0.175,292,0.0403601340949535
0,"2020-09-19 10:51:53.604268","Scone","New South Wales",5013,-32.0752193220517,150.736657032548,"D",0,14.9,4.4,81,90,0,0.8421,480,0.255595356225967
0,"2020-01-15 20:28:44.944136","Waikerie","South Australia",1670,-33.1785215943089,139.769130637685,"D",0,19.1,23.1,52,6,0,0.1413,126,0.0473565682768822
0,"2020-10-01 19:52:12.011049",NA,NA,NA,-31.1436492403892,128.402928708664,"N",0,26,19.5,23,0,0,0.1705,148,0.108787424862385
0,"2020-06-05 09:05:30.850858",NA,NA,NA,-24.2246480206531,138.100630466952,"D",0,14.9,16.8,41,0,0,0.2027,99,0.0376008301973343
0,"2020-09-12 21:26:54.236775","Roxby Downs","South Australia",3671,-31.0231861625475,135.515245858339,"N",0,14.4,22.8,73,100,0,0.173,155,0.0562674999237061
0,"2020-01-11 09:25:29.857473",NA,NA,NA,-15.3074906157317,134.968240481376,"N",0,27.2,4.5,87,94,0,0.3251,70,0.0371947661042213
0,"2020-03-24 21:24:06.897453",NA,NA,NA,-23.0993203868301,129.805310157912,"D",0,29.1,27.4,28,53,0,0.1869,478,0.074366882443428
0,"2020-07-19 20:33:19.108038",NA,NA,NA,-20.4371943743277,136.214365351298,"N",0,16.1,22.5,24,91,0,0.2861,254,0.0379092879593372
0,"2020-06-19 09:08:32.578214",NA,NA,NA,-26.8497176170849,139.274693447752,"N",0,18.6,9,59,25,0,0.1335,29,0.0462709963321686
0,"2020-04-02 19:52:36.92508",NA,NA,NA,-20.6642302037085,126.688414762089,"D",0,29.2,18.9,37,80,0,0.2732,357,0.080794095993042
0,"2020-05-23 18:43:04.57793",NA,NA,NA,-24.478917522899,130.037271524976,"D",0,8.4,11.3,63,0,0,0.1693,474,0.0284594390541315
0,"2020-11-26 19:59:15.027951",NA,NA,NA,-31.8081066949907,140.431871079409,"D",0,34.3,13.2,20,35,0,0.1747,151,0.081734836101532
0,"2020-08-08 10:19:32.385111",NA,NA,NA,-24.8077240919932,133.126056891232,"N",0,8.2,12.3,79,15,0,0.1752,430,0.0422189384698868
0,"2020-02-21 21:11:01.358589",NA,NA,NA,-21.5001683439725,125.139178091254,"D",0,31.8,11.1,44,0,0,0.2189,302,0.0867049694061279
0,"2020-01-19 21:43:36.657512","Cobar","New South Wales",3369,-32.340214263398,144.585456971779,"D",0,23.5,18.6,44,0,0,0.2673,122,0.0407551303505898
0,"2020-03-28 20:57:56.171987","Roxby Downs","South Australia",3671,-29.7343830725924,138.325765529913,"D",0,25.3,10.1,35,5,0,0.1533,87,0.0501447841525078
0,"2020-03-26 18:44:55.938404","Loxton","South Australia",3947,-34.6233190267876,140.13960147105,"N",0,17.3,5,49,77,0,0.4224,70,0.0458196811378002
0,"2020-06-19 09:56:45.530583",NA,NA,NA,-24.1075775075993,126.569665664071,"N",0,16.7,19.1,46,0,0,0.1496,450,0.0450894348323345
0,"2020-05-08 08:45:01.114863",NA,NA,NA,-20.394112459778,128.465803076939,"N",0,21.1,10.5,24,0,0,0.2221,357,0.0595401301980019
0,"2020-08-07 20:10:14.6553","Australind","Western Australia",14539,-33.7842474482603,116.672667840129,"N",0,6.5,23.4,85,0,0,0.6395,262,0.378922522068024
0,"2020-05-29 19:29:04.786307","Roxby Downs","South Australia",3671,-31.2381411488757,138.047660767887,"N",0,13.6,25,46,0,0,0.0816,37,0.0579210817813873
0,"2020-11-12 20:54:30.492231","Gilgandra","New South Wales",2417,-31.5174651266808,147.478791102561,"D",0,25.1,8.4,45,40,0.5,0.3848,181,0.211121112108231
0,"2020-03-23 09:44:20.817357",NA,NA,NA,-25.9018778024749,147.080415814917,"N",0,21.4,11.9,43,0,0,0.6553,512,0.197559058666229
0,"2020-01-03 20:45:49.516068",NA,NA,NA,-21.2599471713957,134.338899818185,"D",0,34.4,19.1,27,0,0,0.17645,409,0.0300466269254684
0,"2020-02-10 09:29:48.378865","Bourke","New South Wales",1535,-30.3083980829739,145.859815326968,"N",0,20.9,4.5,72,21,0,0.3156,112,0.0366209447383881
0,"2020-05-26 08:32:14.680791",NA,NA,NA,-21.4474456469267,142.691143968158,"N",0,14.3,10.5,57,3,0,0.1839,192,0.167415499687195
0,"2020-08-21 07:06:59.852681",NA,NA,NA,-30.4678542444855,119.349293012481,"D",0,14.1,6.1,58,100,0,0.2367,462,0.0949445515871048
0,"2020-03-28 19:43:07.559496","Deniliquin","New South Wales",6431,-35.3157728722163,144.58419565354,"D",0,22.7,21.9,51,73,0,0.3512,85,0.181856006383896
0,"2020-10-14 21:10:10.81898",NA,NA,NA,-24.7023664772111,131.177832187822,"N",0,26,21.9,17,0,0,0.1806,492,0.0825004205107689
0,"2020-06-04 20:40:47.593156",NA,NA,NA,-20.7531507295894,116.806300169273,"N",0,16.3,17.3,37,0,0,0.1871,22,0.185121193528175
0,"2020-05-12 22:08:49.539074",NA,NA,NA,-25.2575062069387,126.011751467815,"D",0,13.2,17.9,29,0,0,0.1971,409,0.036620918661356
0,"2020-12-18 18:45:26.87304","Charters Towers","Queensland",8040,-19.7493088614537,144.873523934495,"N",0,30.2,9.8,52,91,0,0.226,630,0.111112482845783
0,"2020-02-26 20:31:45.138852",NA,NA,NA,-26.2911999947681,121.641795548813,"N",0,28.1,33.1,34,58,0,0.1613,519,0.118913024663925
0,"2020-05-30 20:58:54.474932",NA,NA,NA,-26.9554397705756,141.608266885887,"N",0,15.9,5.8,35,22,0,0.2032,168,0.0611676163971424
0,"2020-04-11 09:06:51.50312","Charters Towers","Queensland",8040,-19.1528389024611,145.155794904935,"N",0,23.4,7.4,76,60,0,0.6909,604,0.208154186606407
0,"2020-08-29 17:01:25.212248",NA,NA,NA,-24.993493893263,134.655137433024,"N",0,10.8,8.2,35,0,0,0.1603,304,0.0529187731444836
0,"2020-08-21 20:49:52.876037",NA,NA,NA,-22.0669471470545,115.818428515721,"N",0,16.1,9.1,39,0,0,0.1415,117,0.0988133400678635
0,"2020-09-28 21:46:27.397943",NA,NA,NA,-25.2254569002099,131.518698653087,"D",0,21.9,15.2,57,29,0,0.1674,498,0.0290156789124012
0,"2020-06-27 21:51:24.604229",NA,NA,NA,-25.3646469375195,140.532116865447,"D",0,11.4,18.5,48,0,0,0.1953,65,0.0450172536075115
0,"2020-09-28 20:42:07.433226",NA,NA,NA,-25.3704965852952,125.14778806797,"N",0,18.9,20.2,55,0,0,0.1431,472,0.0613827966153622
0,"2020-08-16 08:38:31.035347",NA,NA,NA,-17.5923605883177,125.861153964833,"N",0,25.4,9.2,39,98,0,0.2178,205,0.0450302734971046
0,"2020-08-03 09:00:49.32882",NA,NA,NA,-28.8126348754018,138.25932590523,"N",0,11.9,13.3,48,0,0,0.1047,17,0.0439638458192348
0,"2020-02-10 10:02:21.081437",NA,NA,NA,-24.9307226848551,125.175865950346,"N",0,32,14.5,37,33,0,0.2097,481,0.0562513470649719
0,"2020-03-11 20:48:33.879073","Narrabri","New South Wales",5499,-30.8657543190748,149.652356369282,"N",0,19.2,15.5,64,0,0,0.5165,419,0.242433324456215
0,"2020-02-05 20:30:06.920038",NA,NA,NA,-33.1104145746631,134.719257045943,"N",0,19.9,14.5,66,10,0,0.2162,89,0.0405873991549015
0,"2020-10-09 20:06:06.6234",NA,NA,NA,-19.1720211524289,128.156677718833,"D",0,27.8,25.8,16,17,0,0.1864,322,0.0349542871117592
0,"2020-04-09 09:02:54.224475","Moree","New South Wales",7070,-29.0934984774438,150.396299592563,"N",0,18.8,18.8,69,70,0,0.3787,311,0.314047485589981
0,"2020-04-07 20:38:26.680903",NA,NA,NA,-19.8150447359055,143.34920473628,"D",0,26.8,12.8,52,71,0,0.4655,449,0.103685900568962
0,"2020-10-27 19:22:52.339428",NA,NA,NA,-24.1997907952308,140.877342337964,"D",0,23.5,10.4,15,0,0,0.1435,89,0.116199098527431
0,"2020-08-15 09:07:42.63713",NA,NA,NA,-25.5779952939737,118.797028029226,"N",0,17,13.3,34,42,0,0.1526,549,0.0825139731168747
0,"2020-02-12 10:01:30.489779","Roxby Downs","South Australia",3671,-29.7171846466188,137.607257721818,"N",0,24.9,20.5,51,0,0,0.0993,128,0.0561360493302345
0,"2020-02-14 18:21:21.266788",NA,NA,NA,-27.1034141938314,143.379169149164,"D",0,34.2,9.6,31,0,0,0.1552,176,0.0655244961380959
0,"2020-10-25 20:11:52.036063",NA,NA,NA,-27.4550830742716,144.778383950302,"D",0,18.7,15.3,28,0,0,0.1651,239,0.047078900039196
0,"2020-05-04 08:54:04.998452",NA,NA,NA,-20.1029390858106,135.259655913038,"D",0,18.3,15.8,26,0,0,0.2807,278,0.0482946187257767
0,"2020-02-18 09:46:43.112456","Albury","New South Wales",4804,-36.2508438733545,146.812373694817,"D",0,14.5,15.2,81,19,0,0.3752,373,0.129163354635239
0,"2020-08-10 09:11:48.514185",NA,NA,NA,-23.377597109933,135.798765923217,"D",0,14.6,18.3,37,0,0,0.2648,346,0.0375198125839233
0,"2020-11-12 10:04:59.045694","Armidale","New South Wales",21312,-30.8579956752805,151.970359458201,"N",0,14,5.8,84,99,0,0.7017,921,0.157285809516907
0,"2020-08-17 17:36:52.220334","Manilla","New South Wales",2014,-31.0185072238072,150.851642192908,"N",0,9.2,6.8,79,93,0.6,0.6182,360,0.268147975206375
0,"2020-04-23 10:14:32.1323","Walgett","New South Wales",1377,-30.8296073790962,147.718172747397,"D",0,14.4,5.6,74,100,0,0.6912,149,0.321704596281052
0,"2020-04-16 21:00:57.836103","Red Cliffs","Victoria",3070,-35.2109696355494,141.945653464643,"N",0,13.5,10.7,68,10,0,0.2237,66,0.0607670620083809
0,"2020-08-24 10:27:16.824185",NA,NA,NA,-30.1187821782314,123.500512002401,"N",0,14.1,12.3,53,0,0,0.2003,327,0.0514608733355999
0,"2020-09-01 19:26:42.761339",NA,NA,NA,-17.7261309759595,123.503401259224,"D",0,23.2,3.6,38,0,0,0.2888,42,0.0355684943497181
0,"2020-03-13 18:29:46.854337",NA,NA,NA,-18.2949454296024,129.591385434657,"D",0,26.2,24.5,33,38,0,0.3674,453,0.11955601722002
0,"2020-06-26 21:36:33.106116",NA,NA,NA,-24.0059451495478,146.23714242914,"N",0,11.2,11.3,54,0,0,0.2948,417,0.120515443384647
0,"2020-08-09 08:12:35.878305",NA,NA,NA,-25.3182713847508,150.380894475408,"D",0,10.8,11,52,1,0,0.3951,415,0.163692235946655
0,"2020-06-12 19:55:43.303131","Boulder","Western Australia",4825,-30.7877727874757,120.201050446412,"D",0,4.9,7.2,92,0,0,0.492,449,0.0826444029808044
0,"2020-04-03 20:23:47.014501","Castlemaine","Victoria",7506,-37.0632156274867,144.604964799153,"N",0,10.4,21.5,88,94,0.3,0.4643,379,0.158884882926941
0,"2020-02-22 20:04:06.548314",NA,NA,NA,-22.856662588344,140.042974829178,"D",0,31.1,14.7,56,23,0,0.2093,161,0.158269077539444
0,"2020-07-10 21:26:54.852045",NA,NA,NA,-28.6634056255339,131.12460336292,"D",0,5.5,15.5,89,16,0,0.1758,351,0.0403099805116653
0,"2020-06-10 20:58:52.324566",NA,NA,NA,-21.3159561835607,124.396884181817,"D",0,13.6,10.9,42,0,0,0.206,300,0.0624801479279995
0,"2020-08-25 18:16:11.150523",NA,NA,NA,-21.9418977553207,120.420089345517,"D",0,19.7,12.6,31,0,0,0.202,425,0.0327097773551941
0,"2020-11-16 08:33:23.148458",NA,NA,NA,-30.7041208359777,124.114760693169,"N",0,22.5,14.3,17,0,0,0.2296,258,0.0565290600061417
0,"2020-08-05 08:22:34.883334",NA,NA,NA,-30.8510872374075,129.99156840227,"N",0,13.4,13.9,82,97,0.2,0.2202,142,0.0813717916607857
0,"2020-02-26 19:36:41.435019",NA,NA,NA,-29.4559575792195,132.728966132997,"D",0,18.2,21.6,64,0,0,0.1906,183,0.0365888625383377
0,"2020-03-16 20:40:33.973142",NA,NA,NA,-26.5378568056987,131.192434945953,"D",0,26.5,20.4,14,0,0,0.1899,591,0.0316762924194336
0,"2020-02-25 09:10:42.835801","Griffith","New South Wales",18196,-34.4738319006653,145.773993475632,"D",0,25.4,13.2,41,36,0,0.2019,117,0.167890191078186
0,"2020-06-08 09:22:17.298186","Innisfail","Queensland",1091,-18.2396680810488,145.741275719599,"D",0,16.4,10,100,100,0.1,0.8,677,0.257163763046265
0,"2020-05-29 08:39:54.651236","Maddingley","Victoria",3453,-37.5586224454704,144.425628138974,"D",0,9.4,25.5,82,2,0,0.7769,453,0.170332044363022
0,"2020-08-29 08:16:56.696313","Charters Towers","Queensland",8040,-20.9461791515614,146.704600089664,"D",0,18.9,22,56,1,0,0.454,233,0.140212073922157
0,"2020-01-06 20:23:46.289907",NA,NA,NA,-30.1643218651746,129.015085593379,"D",0,17.5,15.5,77,0,0,0.168,185,0.0595279596745968
0,"2020-06-28 19:45:41.933523",NA,NA,NA,-25.3903828034786,143.558803292622,"N",0,16.2,17.7,54,0,0,0.2448,230,0.0593269169330597
0,"2020-03-04 21:41:52.937029",NA,NA,NA,-26.5597516378897,128.73216121631,"D",0,19,10.3,44,0,0,0.1752,466,0.0299051534384489
0,"2020-12-08 20:13:15.926505",NA,NA,NA,-28.0071493705301,136.809397721891,"D",0,23.7,17.2,37,97,0,0.0998,-2,0.0447690151631832
0,"2020-05-13 09:48:40.232506",NA,NA,NA,-26.5518511346746,131.921763103,"N",0,12.3,13.8,45,0,0,0.1721,566,0.0319374762475491
0,"2020-05-15 20:50:33.79004","Gladstone","Queensland",34703,-23.9917170717656,150.303115388346,"N",0,20.4,11.3,42,0,0,0.3907,117,0.0770147517323494
0,"2020-02-11 20:49:34.646255",NA,NA,NA,-27.0096450651924,133.560311824635,"D",0,29.4,10.2,30,0,0,0.1649,375,0.0337995961308479
0,"2020-09-20 20:05:43.371814",NA,NA,NA,-30.6895190596952,119.594863553452,"D",0,7.4,13.5,80,27,0,0.3048,386,0.0737066194415092
0,"2020-09-07 20:54:48.764596","Boulder","Western Australia",4825,-31.6761399449349,121.403122865671,"D",0,9.2,1.9,72,0,0,0.3566,360,0.0728373378515244
0,"2020-06-08 20:24:14.322336",NA,NA,NA,-32.0305619996523,142.922384608706,"D",0,5.9,5.7,85,26,0,0.2361,75,0.153812512755394
0,"2020-03-07 20:39:44.788854",NA,NA,NA,-33.5544061875439,118.555926406677,"D",0,16.8,16.4,87,80,0,0.2268,302,0.137393310666084
0,"2020-09-02 09:42:45.710608",NA,NA,NA,-23.3835560045214,144.180373749507,"D",0,20.2,10.7,38,0,0,0.16,193,0.160050496459007
0,"2020-12-27 08:49:46.389794",NA,NA,NA,-23.5763884972183,138.199947806167,"N",0,29.5,9.2,59,6,0,0.1743,149,0.0348498597741127
0,"2020-04-11 09:57:12.471411",NA,NA,NA,-31.9726208795513,140.10521310085,"N",0,14.8,25.5,43,76,0,0.1288,192,0.0696223676204681
0,"2020-05-11 09:57:28.401087",NA,NA,NA,-28.2387304741421,131.391371444535,"D",0,12.6,12.2,37,22,0,0.1825,347,0.0372466742992401
0,"2020-08-04 21:37:09.11084",NA,NA,NA,-22.4919919650011,135.375137818676,"D",0,18.5,15.7,28,3,0,0.2094,512,0.0391294360160828
0,"2020-11-12 09:53:56.713004",NA,NA,NA,-17.6332518070386,141.49281308094,"D",0,27,9.4,80,97,0,0.346,32,0.0782818868756294
0,"2020-07-18 19:25:44.817767",NA,NA,NA,-32.8469042291419,134.540490501945,"D",0,12.6,23.2,90,63,0.1,0.4081,71,0.0632452219724655
0,"2020-03-23 19:41:31.371713",NA,NA,NA,-26.9002354568542,135.253569247216,"D",0,24.6,16.3,29,3,0,0.127,203,0.0436923950910568
0,"2020-12-14 20:22:39.5238",NA,NA,NA,-23.5310276579886,125.885005334713,"D",0,26.8,17.2,71,1,0,0.1355,360,0.0355842113494873
0,"2020-07-14 09:47:02.963367",NA,NA,NA,-27.4407670854917,120.355050277996,"D",0,15.9,10.3,73,29,0,0.1535,475,0.0790010839700699
0,"2020-08-05 19:14:32.604355",NA,NA,NA,-25.7013719362394,150.208783514451,"D",0,17.9,5.8,64,0,0,0.3223,237,0.221477434039116
0,"2020-04-07 21:22:53.836198",NA,NA,NA,-24.5563334768196,136.225699530747,"D",0,20.4,14.6,45,89,0,0.265,197,0.0777450129389763
0,"2020-10-18 20:54:10.092836","Roxby Downs","South Australia",3671,-31.0383590241616,137.344936640086,"D",0,18.6,15.5,52,98,0,0.2076,143,0.0887355580925941
0,"2020-04-28 20:17:14.072982",NA,NA,NA,-23.7079809978765,140.093048639657,"D",0,27.2,20.9,39,0,0,0.1504,122,0.153946101665497
0,"2020-12-14 12:37:09.557133",NA,NA,NA,-23.3566138870627,116.857874650308,"N",0,28,25.2,30,3,0,0.1401,283,0.0752202868461609
0,"2020-05-18 20:46:07.559606",NA,NA,NA,-29.4070951545237,123.768226618317,"N",0,8,13.7,80,0,0,0.2404,448,0.0573163852095604
0,"2020-10-20 20:09:16.761745",NA,NA,NA,-26.0647367052058,144.231727574551,"N",0,28,10.5,25,0,0,0.1804,259,0.0523566752672195
0,"2020-05-04 21:01:49.300327",NA,NA,NA,-25.9253780387034,147.224622115523,"N",0,15.2,13.8,48,0,0,0.5709,613,0.0781234502792358
0,"2020-08-18 08:53:54.93013",NA,NA,NA,-22.0083954494314,133.920087862934,"D",0,20.9,9.2,32,0,0,0.2212,499,0.0495911166071892
0,"2020-05-12 21:21:01.671999",NA,NA,NA,-23.8388922063292,126.5381044107,"N",0,14.8,21.4,23,0,0,0.1864,379,0.0347037427127361
0,"2020-03-07 17:54:06.738251",NA,NA,NA,-27.8885373074583,143.210892874037,"D",0,21.6,15.6,64,3,0,0.1607,196,0.0418311692774296
0,"2020-04-15 20:28:09.266672",NA,NA,NA,-22.9419276470157,129.727918345203,"N",0,24.5,3.1,30,13,0,0.2354,442,0.0573983862996101
0,"2020-01-27 09:15:27.149001",NA,NA,NA,-24.0743718149291,137.933933328877,"N",0,31,21,51,40,0,0.1671,110,0.0297197569161654
0,"2020-08-03 08:32:56.963606",NA,NA,NA,-23.1757866703788,137.911696521653,"D",0,18.2,13.7,31,0,0,0.2014,199,0.066426657140255
0,"2020-06-17 20:22:09.550039",NA,NA,NA,-28.4619729620828,128.780574397734,"D",0,9.6,20.3,38,0,0,0.1605,367,0.045475497841835
0,"2020-11-19 19:59:42.613207",NA,NA,NA,-26.5276818040329,130.149549446054,"D",0,30.6,16.8,24,21,0,0.2054,632,0.0380630269646645
0,"2020-08-23 20:24:40.356094",NA,NA,NA,-23.227526201348,129.001203646066,"N",0,19.1,17.2,27,0,0,0.1647,458,0.0331385843455791
0,"2020-08-18 19:50:10.360251",NA,NA,NA,-16.5996489139967,133.603965938638,"N",0,23,13.8,29,0,0,0.2818,229,0.0589360520243645
0,"2020-12-07 09:38:08.805327",NA,NA,NA,-28.9337894963274,125.237632626859,"D",0,21.5,12.4,29,0,0,0.1616,294,0.029026985168457
0,"2020-03-16 19:27:41.348873",NA,NA,NA,-22.4689950615553,129.534503548055,"D",0,27.5,19.5,16,0,0,0.1646,398,0.0710538998246193
0,"2020-04-16 09:39:42.011127",NA,NA,NA,-25.7928821962227,125.732596751579,"D",0,25.5,19.3,33,50,0,0.1559,427,0.0344074852764606
0,"2020-12-14 09:58:24.744454",NA,NA,NA,-24.6175781599705,146.55454095845,"N",0,20.5,9.8,73,80,0,0.2501,548,0.0734207257628441
0,"2020-12-05 21:07:05.76009","Mareeba","Queensland",8585,-16.8345292685529,143.831401958464,"N",0,29.5,10.7,43,0,0,0.2843,163,0.125565424561501
0,"2020-02-26 08:45:34.14206","Mareeba","Queensland",8585,-16.3148072265641,144.684371674929,"D",0,24.1,8.6,91,98,0,0.6298,533,0.196113765239716
0,"2020-02-14 20:43:06.152597",NA,NA,NA,-24.3509514796119,119.37711991822,"N",0,30,12.3,29,1,0,0.1493,661,0.0847817361354828
0,"2020-03-05 10:47:17.913414",NA,NA,NA,-24.8161216724291,124.91047187074,"N",0,26.2,17.9,15,0,0,0.1369,453,0.0390586294233799
0,"2020-01-01 09:23:37.688641","Nambucca Heads","New South Wales",6327,-30.7319432949521,152.488820649925,"N",0,21,1.5,93,9,0,0.3878,189,0.0791464224457741
0,"2020-07-26 09:56:57.511089","Kyabram","Victoria",7331,-36.3973180330821,145.106246258899,"D",0,8.3,12.2,94,46,0,0.7754,109,0.247261106967926
0,"2020-08-09 21:15:01.866334","Walgett","New South Wales",1377,-28.5790433822117,147.904423620008,"N",0,9.8,16.3,80,8,0,0.3276,163,0.207060441374779
0,"2020-02-25 20:10:37.758569",NA,NA,NA,-19.0290862825436,140.845812782173,"N",0,29,11.4,78,99,0,0.417,51,0.255411058664322
0,"2020-08-20 07:26:38.112039",NA,NA,NA,-25.1908779891051,117.210639575627,"N",0,22.4,11.1,22,97,0,0.1872,394,0.0609657615423203
0,"2020-08-17 16:41:08.637504",NA,NA,NA,-27.576972082153,145.209145405828,"N",0,15.8,16.6,39,93,0,0.213,191,0.111192494630814
0,"2020-05-21 22:42:38.475385",NA,NA,NA,-16.3714095858672,128.48739551659,"D",0,16.5,15.3,83,100,0,0.289,213,0.0854296684265137
0,"2020-05-10 20:23:05.587605",NA,NA,NA,-28.8699426223467,131.76524977703,"D",0,11.3,11.7,49,79,0,0.1774,259,0.0432077124714851
0,"2020-05-04 20:35:59.352821",NA,NA,NA,-21.1301524032471,125.376144397416,"N",0,17.9,17.2,29,0,0,0.1968,309,0.0597978457808495
0,"2020-05-04 19:49:39.799224",NA,NA,NA,-18.1346609821529,137.445648429245,"N",0,20.1,23.7,21,90,0,0.3412,246,0.0816106721758842
0,"2020-05-17 19:30:46.373893",NA,NA,NA,-21.4656433790063,117.501048655984,"D",0,20,22.2,18,97,0,0.2418,321,0.0680746734142303
0,"2020-12-01 18:42:02.041892",NA,NA,NA,-30.1780422562136,125.895952502083,"D",0,16.4,25.6,44,0,0,0.1335,229,0.0876870006322861
0,"2020-12-29 21:28:48.283731",NA,NA,NA,-32.5992199550146,124.706362362829,"D",0,18.7,22.5,67,45,0,0.2834,128,0.0746930837631226
0,"2020-03-21 08:42:02.617385","Toowoomba","Queensland",108398,-27.5946172374379,152.102227729015,"N",0,21,7.1,93,3,0,0.6727,241,0.122452273964882
0,"2020-05-21 22:56:30.836347",NA,NA,NA,-17.3667644161475,125.059715032829,"D",0,18.1,19.1,81,99,0,0.2833,110,0.0464150682091713
0,"2020-08-19 07:10:08.288399",NA,NA,NA,-30.7458152410419,132.550408620671,"D",0,12.7,22.9,74,15,0,0.2101,147,0.0748947188258171
0,"2020-03-04 20:48:05.393915",NA,NA,NA,-30.7242127676528,119.283528057283,"D",0,18.8,14.3,54,6,0,0.3201,346,0.125810742378235
0,"2020-05-06 19:45:11.840915",NA,NA,NA,-32.4262234839053,142.320658063456,"N",0,16.2,27.8,53,56,0,0.1901,74,0.212891235947609
0,"2020-02-09 19:45:18.508617",NA,NA,NA,-31.4177402925202,131.543765799353,"N",0,29.1,9.5,34,49,0,0.2672,77,0.0484287217259407
0,"2020-08-15 20:11:20.701314",NA,NA,NA,-30.6134611628384,138.685357639824,"D",0,10.7,4.6,73,1,0,0.1503,496,0.0947030931711197
0,"2020-03-05 18:09:20.587714",NA,NA,NA,-22.2688239322686,128.258001007124,"D",0,23,5.4,57,0,0,0.1797,383,0.0522604770958424
0,"2020-02-14 09:23:49.33932",NA,NA,NA,-31.732105225541,143.554772632574,"D",0,29.2,12.2,45,16,0,0.2019,82,0.0388236381113529
0,"2020-03-10 09:21:40.609951","Bargara","Queensland",8883,-25.3228354006746,151.749804302024,"D",0,20.4,7.2,84,37,0,0.6935,110,0.285345554351807
0,"2020-03-03 09:18:07.994319",NA,NA,NA,-25.271556209575,125.682638369371,"D",0,23,24.4,24,0,0,0.153,420,0.0604547634720802
0,"2020-05-06 19:54:53.98894",NA,NA,NA,-20.2379647934208,134.18984219559,"N",0,20.9,12.9,29,0,0,0.2122,361,0.0464432500302792
0,"2020-09-18 09:23:02.244469",NA,NA,NA,-26.6041304094947,139.050518753999,"N",0,22.1,15.7,75,75,0.8,0.1635,27,0.108691334724426
0,"2020-07-06 18:56:58.974767",NA,NA,NA,-33.4992042047206,123.825012625361,"D",0,10.7,11.8,91,0,0,0.4358,21,0.0837342664599419
0,"2020-08-19 20:18:43.655548",NA,NA,NA,-14.9691123363357,132.195469479339,"N",0,24.1,6.2,56,0,0,0.3416,198,0.0830825418233871
0,"2020-08-30 19:14:13.632344",NA,NA,NA,-17.0516122864611,133.974809555767,"N",0,26.1,12.7,42,1,0,0.229,217,0.158319771289825
0,"2020-02-18 09:46:39.485755",NA,NA,NA,-27.1924709058418,130.168249509704,"D",0,23.5,20.4,26,0,0,0.1994,493,0.036225788295269
0,"2020-04-19 18:23:39.443675",NA,NA,NA,-26.5893663500453,122.946532155759,"N",0,19.7,15.7,65,100,0.4,0.2736,477,0.0831987410783768
0,"2020-02-19 21:18:20.205867",NA,NA,NA,-23.3281490663171,123.125456981581,"N",0,29.9,18.2,28,12,0,0.2111,334,0.0734924972057343
0,"2020-01-29 09:18:54.060463",NA,NA,NA,-22.1238566082984,117.006552848009,"D",0,34.2,23.9,17,0,0,0.1502,503,0.119172051548958
0,"2020-12-25 20:05:33.658021",NA,NA,NA,-17.1983866003533,123.608096817746,"D",0,28,1.5,80,25,0,-0.9999,0,0.363971412181854
0,"2020-04-30 09:35:32.197858",NA,NA,NA,-30.048680116099,124.133561657034,"D",0,13.2,19.2,55,58,0,0.2073,307,0.0470375455915928
0,"2020-06-16 08:27:50.906303",NA,NA,NA,-23.334143021836,119.8160548437,"D",0,20.6,15.5,34,0,0,0.2731,528,0.0898406058549881
0,"2020-07-11 09:55:09.466225",NA,NA,NA,-26.03203381829,138.831139892737,"N",0,9.9,8.6,54,0,0,0.2521,37,0.163954019546509
0,"2020-01-19 20:39:24.924598",NA,NA,NA,-28.6526676783879,116.650591103806,"N",0,27.3,23.8,37,33,0,0.2093,312,0.0236103273928165
0,"2020-03-05 08:40:47.382904",NA,NA,NA,-19.1223780284804,129.337360950738,"N",0,22.3,11,75,21,0,0.309,444,0.133089125156403
0,"2020-05-09 20:21:01.986397",NA,NA,NA,-25.9334184395171,120.288909991238,"D",0,14,23.5,41,93,0,0.184,606,0.0749691352248192
0,"2020-11-24 21:27:29.409804",NA,NA,NA,-27.1131939527085,128.023023827092,"D",0,28.3,9.1,16,96,0,0.1676,481,0.033450972288847
0,"2020-04-05 20:26:33.171555",NA,NA,NA,-27.9994040642563,133.920095890364,"N",0,15.4,15.1,67,15,0,0.2251,263,0.0343198925256729
0,"2020-01-24 07:01:24.519385",NA,NA,NA,-15.6404828482722,133.18100604979,"N",0,27.8,3.9,88,100,0.1,0.3205,186,0.106263555586338
0,"2020-06-16 09:43:38.208083",NA,NA,NA,-16.7239695115353,130.782630517259,"D",0,21.5,20.7,16,0,0,0.2474,191,0.089419461786747
0,"2020-06-21 19:39:52.400736",NA,NA,NA,-24.2993544291271,138.266616011235,"D",0,10.4,8.8,59,5,0,0.2126,89,0.0381796099245548
0,"2020-10-09 20:22:11.355266",NA,NA,NA,-21.3151382392436,141.571496185958,"N",0,26,20.9,17,0,0,0.1505,169,0.150595098733902
0,"2020-03-19 20:47:15.114525",NA,NA,NA,-22.6600630094428,136.677452164811,"D",0,28.3,14.2,22,42,0,0.2631,270,0.0796347856521606
0,"2020-01-15 10:05:29.427879",NA,NA,NA,-17.1068382967887,133.288803531163,"N",0,32.9,13.3,41,2,0,0.1426,224,0.15557961165905
0,"2020-06-05 20:47:42.77229",NA,NA,NA,-22.7124839083366,124.565227102415,"D",0,11.1,13.3,39,0,0,0.1833,349,0.0493281446397305
0,"2020-08-17 17:34:42.225543",NA,NA,NA,-29.2499047119538,125.858076489583,"D",0,10.6,20.5,59,0,0,0.2037,214,0.121405780315399
0,"2020-06-20 19:22:05.408552",NA,NA,NA,-27.3362632313427,116.227739159078,"N",0,13.9,16.2,40,18,0,0.1778,285,0.0494256243109703
0,"2020-04-06 20:44:39.356564",NA,NA,NA,-25.3593275759398,119.303073071237,"D",0,19.9,25.4,49,8,0,0.3704,540,0.0853373929858208
0,"2020-04-22 20:18:17.872875",NA,NA,NA,-25.0963998063219,139.561169414925,"D",0,21.2,10.1,33,0,0,0.1104,97,0.0905641838908195
0,"2020-06-06 08:05:28.645858",NA,NA,NA,-30.7233119198146,141.985285386273,"D",0,11.2,8,52,5,0,0.365,131,0.0803388059139252
0,"2020-12-27 09:11:26.84529",NA,NA,NA,-23.8549311773822,138.443872283608,"N",0,28,6.5,70,7,0,0.1832,103,0.125128895044327
0,"2020-10-29 10:05:07.370706",NA,NA,NA,-25.8872116457494,125.045191069035,"D",0,25.6,27.5,17,69,0,0.1544,431,0.0281375274062157
0,"2020-10-02 19:48:09.558227",NA,NA,NA,-22.7442095285599,124.671966367975,"N",0,30.8,21.2,31,21,0,0.1551,324,0.0275621954351664
0,"2020-02-15 21:15:58.797469",NA,NA,NA,-26.049653743557,117.8505685229,"N",0,23,12.3,68,8,0,0.1977,413,0.0483972206711769
0,"2020-07-05 09:21:22.888682",NA,NA,NA,-26.745665144593,125.502305417934,"N",0,14.4,16.9,30,0,0,0.1424,434,0.0390117540955544
0,"2020-04-19 17:39:41.787509",NA,NA,NA,-22.7000620371709,115.06224946486,"D",0,27.2,10.4,42,80,0,0.1553,77,0.0347099006175995
0,"2020-09-19 20:44:19.834101",NA,NA,NA,-30.0766452765075,130.095046048753,"D",0,15.3,19.4,75,0,0,0.1925,150,0.0835738405585289
0,"2020-02-27 09:14:50.692937",NA,NA,NA,-18.3446039607109,122.803291188815,"N",0,27.8,18.8,87,81,0,0.3731,160,0.116527304053307
0,"2020-08-12 09:30:43.6551",NA,NA,NA,-16.6864028280925,131.811381444636,"D",0,26.5,9.7,34,2,0,0.2789,211,0.0793511271476746
0,"2020-10-22 08:57:29.900385","Leeton","New South Wales",7437,-34.5112278163463,146.54322857577,"D",0,17.5,14.1,49,1,0,0.6027,211,0.0977022647857666
0,"2020-08-10 19:34:41.255054",NA,NA,NA,-20.8877318921896,136.316308362856,"D",0,15.5,13.1,32,0,0,0.2348,288,0.0347542241215706
0,"2020-11-24 20:28:53.930179",NA,NA,NA,-26.3391928725408,120.631554368474,"D",0,29.5,26.8,37,0,0,0.108,545,0.0556575879454613
0,"2020-06-07 19:53:00.98139","Renmark","South Australia",4634,-32.7744764525411,140.981902647861,"N",0,5.2,7.3,81,0,0,0.2339,110,0.060029499232769
0,"2020-12-07 09:44:35.339551","Roxby Downs","South Australia",3671,-31.6768654973353,136.514723012877,"N",0,12.6,11.9,62,0,0,0.1957,107,0.0572492331266403
0,"2020-07-14 09:40:23.805575",NA,NA,NA,-29.5982426511016,128.379877271782,"D",0,13.1,12.4,26,1,0,0.2279,217,0.0416614413261414
0,"2020-04-18 09:19:09.512218","Roxby Downs","South Australia",3671,-31.31597842071,136.144655180885,"N",0,15.8,7.8,61,100,0,0.2525,155,0.0502255223691463
0,"2020-10-21 21:11:37.1548",NA,NA,NA,-27.7173556489393,144.248274872383,"N",0,28.8,7.9,25,44,0,0.2058,168,0.0507478341460228
0,"2020-06-30 21:00:11.2558",NA,NA,NA,-26.9004424536925,145.499575505502,"D",0,15.1,14.1,76,3,0,0.2,260,0.104761600494385
0,"2020-08-24 07:17:07.760154",NA,NA,NA,-20.091782123691,129.352704789652,"D",0,27,15.9,17,0,0,0.1695,422,0.0324735194444656
0,"2020-03-05 19:01:53.735643","Boulder","Western Australia",4825,-31.7163987132206,121.768981448358,"N",0,20.4,19.7,51,89,0,0.4238,322,0.0666716322302818
0,"2020-11-03 08:51:44.624982",NA,NA,NA,-26.881653505159,144.498354272224,"D",0,26.7,15.5,20,0,0,0.1867,218,0.0415170341730118
0,"2020-08-17 18:58:45.245107",NA,NA,NA,-32.2549900943958,125.12214728357,"D",0,10.4,34.4,58,0,0,0.1878,123,0.157672226428986
0,"2020-07-26 09:19:26.74961",NA,NA,NA,-22.9041595440604,141.834867587209,"D",0,13.9,9.9,36,0,0,0.1873,129,0.154630988836288
0,"2020-08-29 08:46:07.237897",NA,NA,NA,-20.2743127257098,129.055791242403,"D",0,19.5,12.6,17,0,0,0.2289,424,0.0303802527487278
0,"2020-08-07 10:10:32.353304",NA,NA,NA,-28.0365477147424,125.176426896335,"D",0,8.4,8.4,61,19,0,0.244,397,0.0394312329590321
0,"2020-02-28 07:17:05.385818",NA,NA,NA,-31.3239773324855,126.009583227882,"D",0,27,19.3,26,10,0,0.1635,156,0.0599325783550739
0,"2020-07-02 08:45:34.346894",NA,NA,NA,-20.107562830864,139.138263676107,"N",0,21,12.3,49,0,0,0.3258,356,0.0601630657911301
0,"2020-11-10 21:01:35.950877",NA,NA,NA,-24.9758573744048,138.966449758185,"N",0,35,26.1,29,22,0,0.1501,82,0.0417012870311737
0,"2020-07-20 20:12:53.510303","Boulder","Western Australia",4825,-31.8833704933372,121.962246375155,"D",0,6.3,14.2,92,93,0,0.1232,264,0.108756899833679
0,"2020-08-25 17:26:07.234348",NA,NA,NA,-20.6712011521996,134.712443593222,"N",0,16.2,20.2,26,71,0,0.2092,610,0.0366548523306847
0,"2020-10-15 19:15:59.273879",NA,NA,NA,-21.1626326361911,128.550394427127,"D",0,28,14.1,17,0,0,0.1805,364,0.0231044255197048
0,"2020-06-20 21:17:05.82864","Euroa","Victoria",3275,-36.7621356015026,145.758741647746,"D",0,6.9,14.4,97,95,0,0.7684,518,0.313630878925323
0,"2020-12-16 19:36:51.909898",NA,NA,NA,-22.7798394863475,143.985825585933,"D",0,35.5,21.7,36,76,0,0.1303,240,0.124708622694016
0,"2020-09-06 09:16:48.447337",NA,NA,NA,-19.0202853335421,137.652566947774,"D",0,24.6,11.4,27,0,0,0.183,263,0.122663900256157
0,"2020-06-08 20:54:17.771086",NA,NA,NA,-18.5751985852389,126.573644384676,"N",0,18.8,16.8,45,0,0,0.3535,246,0.102759927511215
0,"2020-12-14 20:52:47.136267","Sunbury","Victoria",36084,-37.470209879591,144.705709157013,"N",0,24.7,20.5,55,0,0,0.6344,355,0.26493889093399
0,"2020-02-18 09:16:23.303092",NA,NA,NA,-30.0720874072614,116.086744252247,"D",0,28,20.6,37,99,0,0.2169,323,0.0309664066880941
0,"2020-03-04 10:08:34.008215",NA,NA,NA,-28.2344454614418,120.302846585027,"N",0,24.6,20.8,20,0,0,0.1818,417,0.0454283729195595
0,"2020-01-14 19:14:09.860927",NA,NA,NA,-30.2936476824493,127.252404318323,"D",0,23.7,19.4,46,15,0,0.1568,214,0.0586380809545517
0,"2020-08-16 08:00:26.971486",NA,NA,NA,-17.640889143691,127.29359332733,"N",0,28,10.6,26,23,0,0.2005,496,0.0348259545862675
0,"2020-11-30 09:57:01.989986","Howlong","New South Wales",2654,-35.5899878343989,146.636955919505,"D",0,20.5,22.4,55,0,0,0.2659,172,0.145155623555183
0,"2020-02-25 16:43:42.663891",NA,NA,NA,-27.1390571697267,146.222925727666,"D",0,25,7.9,86,42,0.1,0.2865,266,0.0513297729194164
0,"2020-05-20 20:35:01.179146","Griffith","New South Wales",18196,-34.7105950755685,145.780983119685,"N",0,8.6,12.5,88,62,0.1,0.6073,116,0.193178698420525
0,"2020-03-09 20:32:13.391573",NA,NA,NA,-19.9193427942512,124.306232861463,"N",0,25.2,6.2,58,0,0,0.2517,266,0.108503401279449
0,"2020-05-31 08:48:48.215897",NA,NA,NA,-19.6195413663562,142.025415561251,"D",0,20.4,9.1,46,17,0,0.4417,130,0.0793790519237518
0,"2020-10-18 10:23:54.901812",NA,NA,NA,-22.365207309405,128.513729217191,"D",0,31.8,26.8,28,56,0,0.0276,362,0.0460865274071693
0,"2020-08-25 09:16:55.049198",NA,NA,NA,-31.9149471950021,124.947164581886,"D",0,14.7,20.6,62,87,0,0.1679,143,0.139049112796783
0,"2020-06-26 21:19:08.285218",NA,NA,NA,-22.9669583764368,121.153380168307,"D",0,10.2,10,38,0,0,0.134,494,0.041137095540762
0,"2020-01-20 09:03:33.379212",NA,NA,NA,-24.8318487934779,120.984840065161,"N",0,29,17.5,29,11,0,0.1456,566,0.125852212309837
0,"2020-12-19 20:11:29.146185",NA,NA,NA,-22.8976947864204,133.079065370588,"D",0,24,10.7,84,100,0.8,0.1831,596,0.0521786957979202
0,"2020-01-08 08:42:36.918115",NA,NA,NA,-27.304697831692,122.320324204408,"N",0,24,16.2,73,100,0.1,0.1451,523,0.0289188697934151
0,"2020-07-30 09:19:19.948793",NA,NA,NA,-25.2978976781856,131.372942767989,"D",0,14.1,19.5,21,0,0,0.1671,511,0.0391496419906616
0,"2020-05-29 20:19:50.155747",NA,NA,NA,-21.2745250109376,126.585720394261,"N",0,17.1,9.2,75,68,0,0.1826,368,0.045472975820303
0,"2020-07-03 20:05:50.400312",NA,NA,NA,-21.0096195768455,141.654639760456,"N",0,16,28.3,31,0,0,0.1851,144,0.182785987854004
0,"2020-02-14 09:54:41.899338",NA,NA,NA,-18.7072723835841,135.33406707611,"D",0,29.5,9.8,27,0,0,0.3354,217,0.199100390076637
0,"2020-02-14 18:51:52.530054","Condobolin","New South Wales",2579,-33.3829235528008,147.342207329765,"N",0,27,4.8,65,21,0,0.4457,250,0.0395351462066174
0,"2020-10-23 21:35:08.756256","Kapunda","South Australia",2947,-33.9111449221012,139.296990165648,"D",0,13.8,26.8,57,100,0,0.2932,179,0.11273792386055
0,"2020-12-14 11:08:43.495087",NA,NA,NA,-25.7115093129542,146.189464970635,"D",0,23.3,12.1,64,55,0,0.1688,340,0.155712455511093
0,"2020-09-16 20:50:14.061688","Boulder","Western Australia",4825,-29.922623721686,122.507986958759,"D",0,10.4,28.5,76,61,0.1,0.2451,409,0.045206107199192
0,"2020-09-18 19:59:46.559167",NA,NA,NA,-31.488541084742,131.894926090927,"N",0,13.9,16.5,89,100,0,0.2407,69,0.0646511912345886
0,"2020-08-05 19:16:06.869153",NA,NA,NA,-30.8152576436077,129.37342447805,"N",0,9.6,18.9,93,99,0.3,0.1582,145,0.0795973241329193
0,"2020-01-01 08:55:16.721778",NA,NA,NA,-28.9860899134849,132.731488675806,"N",0,28.8,16.4,14,0,0,0.1662,219,0.0221825167536736
0,"2020-07-30 19:44:24.604471","Palmerston","Northern Territory",33695,-13.9365961334461,131.753277084318,"N",0,17.5,13,35,0,0,0.3275,223,0.070892333984375
0,"2020-08-20 17:46:44.193864","Goolwa","South Australia",2350,-35.6348342409044,139.264470650622,"N",0,9.1,30.6,81,71,0.1,0.3705,0,0.13349512219429
0,"2020-12-21 18:58:37.402927",NA,NA,NA,-19.0063213044428,144.422806211405,"N",0,29.1,13.8,56,21,0,0.2645,550,0.103705555200577
0,"2020-12-25 08:41:38.552462",NA,NA,NA,-28.7548513708338,121.190931393023,"D",0,33,16.1,12,0,0,0.1628,390,0.0247373320162296
0,"2020-07-19 08:07:11.391608",NA,NA,NA,-26.0129241342866,136.616669930432,"D",0,15.2,16.5,42,96,0,0.1627,80,0.0423864051699638
0,"2020-04-02 19:26:01.846113","Esperance","Western Australia",2080,-33.1549526180699,122.377474902218,"D",0,13.9,15.1,64,86,0,0.4551,222,0.112561002373695
0,"2020-03-05 18:37:03.926636",NA,NA,NA,-27.3644031573859,146.457549260505,"N",0,23.1,12.6,77,91,0,0.2611,247,0.0995384231209755
0,"2020-02-17 20:09:55.539907",NA,NA,NA,-31.019054180819,140.998008043597,"D",0,31.4,14.5,20,0,0,0.1584,75,0.0321974046528339
0,"2020-06-22 20:41:22.248026",NA,NA,NA,-19.1484668348346,140.013856518726,"D",0,16,18.8,34,0,0,0.2808,70,0.177330642938614
0,"2020-12-30 20:18:00.923215","Kingaroy","Queensland",10020,-26.7023784758783,151.386675373604,"N",0,24.4,22,61,54,0,0.4351,539,0.260681420564651
0,"2020-05-11 19:58:28.761751",NA,NA,NA,-19.3646120103859,130.622619919818,"D",0,17.3,16.6,28,75,0,0.2752,329,0.0517970658838749
0,"2020-03-31 21:02:49.990978","Gladstone","Queensland",34703,-24.1987147718114,150.986639129064,"D",0,24.3,9.2,68,23,0,0.7398,315,0.316627591848373
0,"2020-07-10 21:35:19.198875","Toowoomba","Queensland",108398,-28.0456910751358,150.781057688236,"D",0,15.1,13.1,77,75,0.1,0.4344,318,0.142538756132126
0,"2020-05-20 10:03:27.502783",NA,NA,NA,-24.0464056742509,119.152877998248,"N",0,16.8,19.3,25,0,0,0.1256,522,0.091386467218399
0,"2020-02-23 20:12:08.346928","Paynesville","Victoria",3480,-37.7660328933982,147.622021438076,"D",0,22.8,1.5,66,92,0,0.8047,22,0.179597064852715
0,"2020-06-12 10:23:29.193247",NA,NA,NA,-28.3102370924348,132.745681042082,"D",0,18.3,20.6,31,37,0,0.1762,283,0.0334845334291458
0,"2020-04-09 20:08:22.149008","Swan Hill","Victoria",9864,-34.3337406516252,144.267141160987,"N",0,16.5,5.8,83,100,0.1,0.3468,76,0.1831856071949
0,"2020-08-24 08:31:50.546383",NA,NA,NA,-17.5748127895416,127.238225159372,"D",0,24.4,15.3,16,0,0,0.2038,536,0.0392758920788765
0,"2020-11-19 20:53:55.602078",NA,NA,NA,-25.9101026426701,136.79943262683,"D",0,33.2,9.7,16,99,0,0.1762,90,0.0323745310306549
0,"2020-08-10 19:56:54.218443","Narrabri","New South Wales",5499,-30.4706810104598,148.911863170844,"D",0,11.3,11.8,73,58,0,0.5339,185,0.160898894071579
0,"2020-02-02 20:14:43.717634",NA,NA,NA,-18.1641509193883,128.310757824724,"N",0,24.2,20.8,90,100,0.5,0.238,350,0.238175019621849
0,"2020-03-05 18:49:04.389529",NA,NA,NA,-17.4269784806562,137.061872340311,"N",0,25.5,19.4,76,72,0,0.442,288,0.21671062707901
0,"2020-11-16 09:29:43.226346",NA,NA,NA,-26.935522211735,143.925442259592,"D",0,28,21.3,38,96,0,0.2498,206,0.0460874736309052
0,"2020-10-20 10:06:25.14302",NA,NA,NA,-25.5362353453144,115.192367521617,"D",0,20.8,20.1,46,0,0,0.1755,199,0.0332410931587219
0,"2020-08-02 09:22:05.20749",NA,NA,NA,-17.3432361217952,130.885025116285,"N",0,19.4,9.6,27,0,0,0.1662,198,0.166338041424751
0,"2020-06-30 09:07:02.541041",NA,NA,NA,-25.3224687033866,128.535881225897,"N",0,15.7,10.7,28,0,0,0.1683,603,0.0365469492971897
0,"2020-02-10 20:53:48.48677",NA,NA,NA,-23.7677047824328,141.383965710925,"N",0,31.3,17.8,26,0,0,0.1012,136,0.149134308099747
0,"2020-12-23 08:40:42.932543",NA,NA,NA,-23.7029365700888,120.647855195147,"D",0,26.8,13.1,22,0,0,0.2352,565,0.0864837765693665
0,"2020-01-15 20:22:28.929552",NA,NA,NA,-29.8609727287899,131.176301074851,"N",0,19.9,19.6,60,8,0,0.2418,232,0.0958342850208282
0,"2020-12-25 20:50:45.930064",NA,NA,NA,-21.3338293935394,139.340232857438,"D",0,26.9,19.4,72,12,0,0.182,356,0.0927932485938072
0,"2020-06-21 10:09:08.693545",NA,NA,NA,-20.1683985648158,130.675138921272,"N",0,15.7,8.3,43,0,0,0.2117,410,0.0689094811677933
0,"2020-06-01 21:19:49.57652",NA,NA,NA,-25.4707765552876,121.495945114257,"N",0,10.8,17.7,69,98,0,0.1877,587,0.0964827835559845
0,"2020-06-30 10:14:42.761441",NA,NA,NA,-21.875800295648,143.587936018728,"N",0,18,11,47,5,0,0.1447,276,0.182863175868988
0,"2020-04-11 20:34:29.41906","Kingaroy","Queensland",10020,-25.909024056232,150.490420477105,"N",0,21,11.5,43,0,0,0.613,413,0.118624068796635
0,"2020-02-15 22:00:41.040722",NA,NA,NA,-20.9363876563334,137.355908770236,"N",0,32,16.5,31,0,0,0.2603,221,0.093037910759449
0,"2020-11-09 19:21:25.610875",NA,NA,NA,-21.9131342273629,138.124376131401,"D",0,33.4,14.5,23,0,0,0.1345,205,0.125415921211243
0,"2020-02-09 21:02:30.07786","Kapunda","South Australia",2947,-34.0695017965485,139.355664201904,"N",0,24.2,4.3,60,3,0,0.2112,128,0.0532551370561123
0,"2020-12-09 19:27:34.522275","Walgett","New South Wales",1377,-29.8452151693241,148.533753736074,"N",0,28.9,18,39,34,0,0.2257,144,0.140504777431488
0,"2020-06-25 20:01:32.028804",NA,NA,NA,-15.5994937930841,135.191674300417,"D",0,19.7,19.9,25,1,NA,0.3349,58,0.068172313272953
0,"2020-08-29 19:16:14.528157",NA,NA,NA,-27.7331837086637,123.122748018789,"D",0,10.8,19.3,50,0,NA,0.172,468,0.0414192900061607
0,"2020-02-16 21:03:11.966363",NA,NA,NA,-26.8204019693167,119.026849228948,"N",0,24.8,18.4,52,33,NA,0.2677,512,0.085272528231144
0,"2020-05-08 08:52:40.043334",NA,NA,NA,-19.7467910340772,127.278428377412,"N",0,20.7,12.9,26,0,NA,0.2487,289,0.0811753049492836
