"latitude","longitude","brightness","daynight","acq_date","acq_time","daynight.1","type","datetime","city","state","population","wildfire","temp_C","wind","humidity","cloud_cover","precipitation","ndvi","soil_moisture","elevation"
-26.0112,151.0822,324.1,"D","2020-10-30",431,"D",0,"2020-10-30 04:31:00","Kingaroy","Queensland",10020,1,23,7.2,53,1,0,0.3402,0.174376353621483,351
-37.3233,149.8608,334.1,"N","2020-01-04",1329,"N",0,"2020-01-04 13:29:00","Eden","New South Wales",3151,1,13.6,14.8,76,51,0,0.71155,0.147333562374115,304
-32.6784,121.9589,340.6,"D","2020-01-07",615,"D",0,"2020-01-07 06:15:00","Esperance","Western Australia",2080,1,33.8,13.1,12,0,0,0.3925,0.105457499623299,279
-35.891,147.9334,314,"N","2020-01-08",1305,"N",0,"2020-01-08 13:05:00","Tumut","New South Wales",6230,1,16.2,10,71,1,0,0.1727,0.0725835636258125,812
-21.2809,119.8048,337.3,"D","2020-11-07",238,"D",0,"2020-11-07 02:38:00",NA,NA,NA,1,40.5,29.4,10,10,0,0.1332,0.0533152520656586,267
-36.1456,149.4573,396.9,"D","2020-01-04",404,"D",0,"2020-01-04 04:04:00","Narooma","New South Wales",2605,1,23,4.3,53,37,0,0.46365,0.0737696811556816,994
-15.5697,141.995,300.2,"N","2020-07-24",1234,"N",0,"2020-07-24 12:34:00",NA,NA,NA,1,21.4,5.5,71,5,0,0.4256,0.126106828451157,24
-12.4139,133.4527,316.1,"D","2020-05-18",128,"D",0,"2020-05-18 01:28:00",NA,NA,NA,1,31.8,21.3,44,90,0,0.5766,0.148494780063629,198
-13.2982,142.3397,324.9,"D","2020-07-30",411,"D",0,"2020-07-30 04:11:00",NA,NA,NA,1,24.8,14.9,47,0,0,0.4781,0.135003954172134,108
-34.7173,150.2713,314.8,"N","2020-01-04",1507,"N",0,"2020-01-04 15:07:00","Moss Vale","New South Wales",8579,1,17.5,10.8,57,0,0,0.57135,0.100152254104614,293
-31.4385,151.759,302.4,"N","2020-01-07",1223,"N",0,"2020-01-07 12:23:00","Wingham","New South Wales",4556,1,18.9,8.7,81,1,0,0.522,0.0493942648172379,716
-14.9411,126.5236,318.9,"N","2020-10-23",1659,"N",0,"2020-10-23 16:59:00",NA,NA,NA,1,24.2,13.9,86,20,0,0.321,0.0394492708146572,336
-16.9741,138.0193,332.8,"D","2020-11-18",505,"D",0,"2020-11-18 05:05:00",NA,NA,NA,1,29.3,10,71,24,0,0.3789,0.0614711716771126,34
-37.316,149.1235,336.7,"N","2020-01-04",1507,"N",0,"2020-01-04 15:07:00","Orbost","Victoria",2014,1,11,11.9,77,95,0,0.4313,0.0755178853869438,554
-37.124,149.4969,323.4,"N","2020-01-04",1329,"N",0,"2020-01-04 13:29:00","Eden","New South Wales",3151,1,10,13,81,61,0,0.58555,0.0693712756037712,699
-24.8032,150.7848,304.1,"N","2020-03-06",1517,"N",0,"2020-03-06 15:17:00","Gladstone","Queensland",34703,1,21.1,11,95,100,0.7,0.704,0.183318853378296,393
-15.3437,144.3633,313.2,"D","2020-05-27",410,"D",0,"2020-05-27 04:10:00",NA,NA,NA,1,23.9,16.1,59,22,0,0.5769,0.129145354032516,65
-13.7471,130.5028,341.6,"D","2020-05-28",454,"D",0,"2020-05-28 04:54:00","Darwin","Northern Territory",139902,1,28.8,8.4,29,0,0,0.4369,0.126987591385841,29
-16.3332,124.4233,323.2,"D","2020-05-03",500,"D",0,"2020-05-03 05:00:00",NA,NA,NA,1,29.6,6.8,30,0,0,0.5807,0.147402673959732,18
-25.3662,150.733,356.5,"D","2020-11-12",401,"D",0,"2020-11-12 04:01:00","Kingaroy","Queensland",10020,1,22.8,16,37,1,0,0.4974,0.109508708119392,403
-19.8521,144.2334,309.5,"N","2020-01-11",1509,"N",0,"2020-01-11 15:09:00",NA,NA,NA,1,20.4,10.3,82,64,0,0.5213,0.0330313108861446,900
-12.3912,141.9225,339.4,"D","2020-10-02",411,"D",0,"2020-10-02 04:11:00",NA,NA,NA,1,29.4,23.6,41,1,0,0.2873,0.0693986192345619,45
-13.3134,133.6388,323.5,"D","2020-05-05",448,"D",0,"2020-05-05 04:48:00",NA,NA,NA,1,28,10.9,31,0,0,0.6637,0.151726931333542,362
-21.2847,145.3474,338.4,"D","2020-11-20",28,"D",0,"2020-11-20 00:28:00","Charters Towers","Queensland",8040,1,34.4,28,22,36,0,0.2296,0.0364746041595936,373
-25.7961,152.0936,336.8,"D","2020-11-02",2346,"D",0,"2020-11-02 23:46:00","Kingaroy","Queensland",10020,1,22.2,14.1,59,76,0,0.3497,0.125309005379677,174
-13.0346,142.8964,342.7,"D","2020-12-04",38,"D",0,"2020-12-04 00:38:00",NA,NA,NA,1,30.5,21.7,59,39,0.2,0.331,0.101083472371101,117
-21.4661,146.19,353.9,"D","2020-11-01",421,"D",0,"2020-11-01 04:21:00","Charters Towers","Queensland",8040,1,26.8,11.4,21,78,0,0.3228,0.111081548035145,326
-36.7259,149.434,338.7,"D","2020-01-25",423,"D",0,"2020-01-25 04:23:00","Merimbula","New South Wales",3544,1,18.2,12.4,94,100,0.3,0.3837,0.142168462276459,958
-16.2056,124.8552,343,"D","2020-11-11",212,"D",0,"2020-11-11 02:12:00",NA,NA,NA,1,34.4,22.3,39,53,0,0.4023,0.0775327607989311,337
-15.5389,124.8646,337.7,"D","2020-11-04",454,"D",0,"2020-11-04 04:54:00",NA,NA,NA,1,30.9,12.3,58,34,0,0.3096,0.0491109155118465,61
-32.1643,151.4289,311.1,"N","2020-01-04",1330,"N",0,"2020-01-04 13:30:00","Muswellbrook","New South Wales",10901,1,17.8,8.3,90,17,0,0.7793,0.0754314213991165,720
-11.949,134.1142,333.8,"D","2020-09-21",430,"D",0,"2020-09-21 04:30:00",NA,NA,NA,1,28.8,14.8,64,1,0,0.5426,0.0570213831961155,37
-19.815,144.654,311.1,"N","2020-11-27",1245,"N",0,"2020-11-27 12:45:00","Charters Towers","Queensland",8040,1,18.6,6.2,78,2,0,0.2984,0.0568112060427666,843
-13.6111,143.4907,338.2,"D","2020-11-07",57,"D",0,"2020-11-07 00:57:00",NA,NA,NA,1,29,11.6,56,0,0,0.5632,0.0852319598197937,20
-16.5936,143.6716,371.5,"D","2020-11-16",51,"D",0,"2020-11-16 00:51:00",NA,NA,NA,1,40,14.8,13,0,0,0.3528,0.111377604305744,141
-11.9453,133.6608,331.9,"D","2020-08-29",134,"D",0,"2020-08-29 01:34:00",NA,NA,NA,1,32.1,19.4,36,67,0,0.5134,0.0511441566050053,34
-32.74,122.1839,375.7,"D","2020-01-27",550,"D",0,"2020-01-27 05:50:00","Esperance","Western Australia",2080,1,33,6.8,34,54,0,0.4064,0.107777886092663,308
-26.1147,150.2572,356.2,"D","2020-11-23",342,"D",0,"2020-11-23 03:42:00","Kingaroy","Queensland",10020,1,28.3,9.9,23,0,0,0.3377,0.112941943109035,381
-16.1859,137.2904,359.5,"D","2020-10-28",447,"D",0,"2020-10-28 04:47:00",NA,NA,NA,1,28.4,12,58,0,0,0.367,0.187915235757828,8
-25.0881,147.7909,351.5,"D","2020-11-15",432,"D",0,"2020-11-15 04:32:00",NA,NA,NA,1,25.5,9.2,42,17,0,0.3487,0.0627370625734329,703
-37.4032,149.5463,459.6,"D","2020-01-04",404,"D",0,"2020-01-04 04:04:00","Eden","New South Wales",3151,1,18.5,23.3,61,28,0,0.5159,0.119607537984848,326
-36.3703,147.822,331.6,"D","2020-01-04",404,"D",0,"2020-01-04 04:04:00","Jindabyne","New South Wales",2233,1,28.2,17,47,38,0,0.52855,0.0612769722938538,438
-35.6151,148.9291,336.5,"D","2020-01-27",411,"D",0,"2020-01-27 04:11:00","Canberra","Australian Capital Territory",381488,1,23,9.3,39,93,0,0.4855,0.155847117304802,1015
-17.1587,144.2597,314.1,"N","2020-11-16",1610,"N",0,"2020-11-16 16:10:00","Mareeba","Queensland",8585,1,23.4,11.6,63,0,0,0.2865,0.0949785932898521,289
-17.3138,138.7221,378.9,"D","2020-07-30",123,"D",0,"2020-07-30 01:23:00",NA,NA,NA,1,29.2,17.4,17,0,0,0.2903,0.0522158294916153,35
-16.677,143.6164,422.5,"D","2020-11-17",422,"D",0,"2020-11-17 04:22:00",NA,NA,NA,1,35.7,19.7,19,0,0,0.3916,0.10897982865572,168
-20.7378,139.4701,305.7,"N","2020-03-08",1334,"N",2,"2020-03-08 13:34:00",NA,NA,NA,1,21.5,22.6,65,0,0,0.1596,0.143016815185547,387
-14.2774,129.7056,326.7,"D","2020-06-15",442,"D",0,"2020-06-15 04:42:00",NA,NA,NA,1,28.8,9.7,54,19,0,0.6799,0.215700849890709,122
-25.0471,149.7046,324.5,"D","2020-10-02",407,"D",0,"2020-10-02 04:07:00",NA,NA,NA,1,24.1,11.6,38,0,0,0.5058,0.0553056113421917,386
-32.9287,119.2352,312.3,"D","2020-09-24",633,"D",0,"2020-09-24 06:33:00",NA,NA,NA,1,13.5,29.1,67,44,0,0.5426,0.090349018573761,377
-36.0212,147.8238,307.2,"N","2020-01-03",1602,"N",0,"2020-01-03 16:02:00","Albury","New South Wales",4804,1,18,3.5,42,0,0,0.52115,0.0651869401335716,1017
-14.984,125.5351,342.8,"D","2020-10-13",531,"D",0,"2020-10-13 05:31:00",NA,NA,NA,1,27.7,8.7,68,0,0,0.3795,0.0515486299991608,232
-30.8653,121.5042,300.7,"N","2020-03-17",1639,"N",2,"2020-03-17 16:39:00","Boulder","Western Australia",4825,1,18.2,13.5,75,100,0,0.2955,0.0555316023528576,347
-12.0034,142.161,326.1,"D","2020-07-18",347,"D",0,"2020-07-18 03:47:00","Thursday Island","Queensland",2805,1,25.7,19.2,53,1,0,0.6503,0.274280339479446,42
-21.4618,115.0232,311,"D","2020-12-04",219,"D",3,"2020-12-04 02:19:00",NA,NA,NA,1,27.1,18.2,69,98,0,-0.9999,0.0606481656432152,0
-27.6909,149.4112,345.6,"D","2020-11-28",400,"D",0,"2020-11-28 04:00:00",NA,NA,NA,1,32,7.2,18,0,0,0.2332,0.0731028467416763,252
-35.9149,136.5763,390.1,"D","2020-01-05",448,"D",0,"2020-01-05 04:48:00",NA,NA,NA,1,16,19.1,60,0,0,0.3675,0,63
-13.3817,131.5747,321.3,"D","2020-05-07",436,"D",0,"2020-05-07 04:36:00","Palmerston","Northern Territory",33695,1,28.6,7.7,42,2,0,0.5859,0.253970414400101,80
-32.0375,151.3872,335.3,"D","2020-01-01",335,"D",0,"2020-01-01 03:35:00","Scone","New South Wales",5013,1,25.1,4.1,52,23,0,0.6969,0.0753090083599091,1002
-31.8762,121.52,313.5,"N","2020-01-07",1715,"N",0,"2020-01-07 17:15:00","Boulder","Western Australia",4825,1,26.7,9.5,28,0,0,0.3355,0.0486776195466518,317
-26.5298,151.9701,302.7,"N","2020-08-06",1200,"N",0,"2020-08-06 12:00:00","Kingaroy","Queensland",10020,1,12.9,10.3,98,33,0,0.5755,0.229538068175316,385
-34.8378,150.3489,346.3,"D","2020-01-04",405,"D",0,"2020-01-04 04:05:00","Bomaderry","New South Wales",6661,1,29.7,31.6,37,46,0,0.49965,0.0436126962304115,71
-13.5047,131.9223,371.3,"D","2020-11-02",506,"D",0,"2020-11-02 05:06:00","Palmerston","Northern Territory",33695,1,36,14.6,15,80,0,0.4208,0.0916520804166794,133
-15.5646,129.4536,328.8,"D","2020-03-16",500,"D",0,"2020-03-16 05:00:00",NA,NA,NA,1,32.8,5.1,50,2,0,0.5886,0.243282824754715,255
-17.6129,123.7452,322.1,"D","2020-05-02",555,"D",0,"2020-05-02 05:55:00",NA,NA,NA,1,32.1,14.1,18,2,0,0.4796,0.0943938866257668,54
-37.3701,149.2065,401.1,"D","2020-01-11",410,"D",0,"2020-01-11 04:10:00","Eden","New South Wales",3151,1,14,18.1,69,93,0,0.8058,0.0964410081505775,227
-30.9334,152.5579,304.8,"D","2020-08-13",0,"D",0,"2020-08-13","Nambucca Heads","New South Wales",6327,1,23,4.9,44,11,0,0.6381,0.283488750457764,95
-14.6993,144.9047,329.4,"D","2020-10-01",327,"D",0,"2020-10-01 03:27:00",NA,NA,NA,1,26.5,28.7,53,0,0,0.3194,0.209897935390472,17
-15.1383,144.8274,372.3,"D","2020-11-14",352,"D",0,"2020-11-14 03:52:00",NA,NA,NA,1,27.2,12.3,65,46,0,0.5444,0.0814189091324806,118
-17.2772,144.3346,335.5,"D","2020-11-24",428,"D",0,"2020-11-24 04:28:00","Mareeba","Queensland",8585,1,33.5,6.2,22,18,0,0.3177,0.0871347710490227,338
-24.9504,148.1584,335.2,"D","2020-12-05",407,"D",0,"2020-12-05 04:07:00",NA,NA,NA,1,26.6,7.3,33,3,0,0.5959,0.0555985942482948,1055
-37.0906,149.4489,316.2,"D","2020-01-12",2343,"D",0,"2020-01-12 23:43:00","Eden","New South Wales",3151,1,18.8,16.6,50,0,0,0.6123,0.105787545442581,579
-12.5873,142.2162,338.3,"D","2020-09-22",44,"D",0,"2020-09-22 00:44:00",NA,NA,NA,1,35,21.1,32,1,0,0.4903,0.138306558132172,19
-36.7683,149.4541,375.6,"D","2020-01-31",346,"D",0,"2020-01-31 03:46:00","Merimbula","New South Wales",3544,1,26.3,9.7,61,5,0,0.827,0.116025440394878,936
-15.5789,143.5742,320.3,"N","2020-11-19",1335,"N",0,"2020-11-19 13:35:00",NA,NA,NA,1,21.5,14.7,80,1,0,0.5134,0.147041201591492,302
-25.5015,152.4317,300.9,"N","2020-04-12",1225,"N",0,"2020-04-12 12:25:00","Urraween","Queensland",6969,1,18.3,9,84,1,0,0.7234,0.178453236818314,76
-14.4581,133.0455,330,"D","2020-06-17",429,"D",0,"2020-06-17 04:29:00",NA,NA,NA,1,30.2,15.9,29,0,0,0.4226,0.0915494561195374,163
-34.2737,149.9558,347.4,"D","2020-01-01",334,"D",0,"2020-01-01 03:34:00","Bowral","New South Wales",10335,1,19.3,11.2,73,0,0,0.5984,0.0539238341152668,867
-37.1966,140.7355,302.6,"D","2020-05-16",423,"D",0,"2020-05-16 04:23:00","Millicent","South Australia",4760,1,9.5,8.5,79,0,0,0.3575,0.248544067144394,53
-24.3732,148.5057,308.6,"N","2020-08-18",1225,"N",0,"2020-08-18 12:25:00",NA,NA,NA,1,16.3,10.3,57,0,0,0.3789,0.220224484801292,225
-20.8476,118.6974,330.8,"D","2020-06-10",600,"D",0,"2020-06-10 06:00:00",NA,NA,NA,1,24.6,9.7,39,0,0,0.2964,0.106307365000248,103
-12.4652,136.1068,373.9,"D","2020-07-22",500,"D",0,"2020-07-22 05:00:00",NA,NA,NA,1,24.8,16.5,51,0,0,0.6565,0.103528909385204,14
-26.838,151.8774,316.7,"D","2020-04-17",36,"D",0,"2020-04-17 00:36:00","Kingaroy","Queensland",10020,1,29.4,8.1,31,9,0,0.713,0.0808741673827171,538
-24.662,150.8104,307,"N","2020-11-01",1207,"N",0,"2020-11-01 12:07:00","Gladstone","Queensland",34703,1,17.4,9.5,50,0,0,0.3682,0.15955525636673,434
-19.068,125.5277,337.9,"D","2020-04-06",517,"D",0,"2020-04-06 05:17:00",NA,NA,NA,1,29,20.2,55,68,0.4,0.3503,0.0714185386896133,194
-25.9003,149.1373,330.7,"D","2020-11-06",17,"D",0,"2020-11-06 00:17:00",NA,NA,NA,1,28.1,9,18,0,0,0.4509,0.122796401381493,359
-35.9312,147.8854,338.6,"D","2020-01-04",404,"D",0,"2020-01-04 04:04:00","Tumut","New South Wales",6230,1,32.1,8.5,20,6,0,0.3735,0.0942743197083473,615
-37.0649,149.5865,352.3,"D","2020-01-13",358,"D",0,"2020-01-13 03:58:00","Eden","New South Wales",3151,1,19.4,13.2,77,29,0,0.5055,0.107000589370728,178
-16.5389,133.3047,364,"D","2020-11-11",459,"D",0,"2020-11-11 04:59:00",NA,NA,NA,1,35.3,9.3,27,26,0,0.3068,0.0454547591507435,278
-31.9882,141.4095,323.7,"D","2020-04-22",56,"D",0,"2020-04-22 00:56:00",NA,NA,NA,1,25.4,14.1,24,0,0,0.1494,0.0612844489514828,293
-21.6198,149.0157,338.7,"D","2020-10-01",40,"D",0,"2020-10-01 00:40:00","Mackay","Queensland",72900,1,25.5,13.8,53,8,0,0.4085,0.150254443287849,189
-16.6213,124.6286,326.2,"D","2020-05-10",218,"D",0,"2020-05-10 02:18:00",NA,NA,NA,1,35.2,17,18,0,0,0.2573,0.128982067108154,168
-15.246,129.0065,341.6,"D","2020-11-24",141,"D",0,"2020-11-24 01:41:00",NA,NA,NA,1,33.5,13.5,59,100,0,0.4183,0.0707389861345291,41
-25.5403,148.0889,329.6,"D","2020-11-07",343,"D",0,"2020-11-07 03:43:00",NA,NA,NA,1,26.5,11.9,21,62,0,0.3283,0.0721514374017715,486
-15.6339,126.3784,334.2,"D","2020-06-18",512,"D",0,"2020-06-18 05:12:00",NA,NA,NA,1,27.5,9,25,0,0,0.3771,0.0890510901808739,381
-15.8344,126.877,341.1,"D","2020-04-26",454,"D",0,"2020-04-26 04:54:00",NA,NA,NA,1,34,22.9,14,0,0,0.3561,0.117681629955769,339
-13.1636,132.4876,333.7,"D","2020-07-08",448,"D",0,"2020-07-08 04:48:00","Palmerston","Northern Territory",33695,1,29,10.6,30,1,0,0.4988,0.105365976691246,183
-34.784,150.3529,315.8,"N","2020-01-04",1507,"N",0,"2020-01-04 15:07:00","Bomaderry","New South Wales",6661,1,16.7,9.7,60,4,0,0.71045,0.0436126962304115,342
-28.2335,124.7554,326,"D","2020-11-22",616,"D",0,"2020-11-22 06:16:00",NA,NA,NA,1,28.2,20,26,91,0,0.182,0.029256708920002,367
-14.9083,144.7903,337.7,"D","2020-11-05",358,"D",0,"2020-11-05 03:58:00",NA,NA,NA,1,25,14.7,67,84,0,0.4779,0.0851209834218025,176
-13.636,131.2808,368.4,"D","2020-06-29",454,"D",0,"2020-06-29 04:54:00","Palmerston","Northern Territory",33695,1,28.8,8,28,0,0,0.4832,0.113096833229065,107
-35.8746,148.1309,306.8,"N","2020-01-01",1259,"N",0,"2020-01-01 12:59:00","Tumut","New South Wales",6230,1,12.9,13.5,85,0,0,0.6526,0.0709286257624626,648
-14.9057,144.8216,326.7,"D","2020-11-16",339,"D",0,"2020-11-16 03:39:00",NA,NA,NA,1,25,20.5,72,0,0,0.5043,0.0468482226133347,150
-37.183,148.3853,403.9,"D","2020-01-04",404,"D",0,"2020-01-04 04:04:00","Orbost","Victoria",2014,1,14.3,13.7,79,100,0,0.559,0.0660381466150284,830
-35.8971,149.0471,393.7,"N","2020-02-04",1247,"N",0,"2020-02-04 12:47:00","Canberra","Australian Capital Territory",381488,1,7.9,11.9,93,90,0,0.4783,0.119670234620571,1306
-12.4347,133.1391,328.9,"D","2020-07-19",430,"D",0,"2020-07-19 04:30:00",NA,NA,NA,1,31.5,9.8,22,76,0,0.459,0.0795409679412842,30
-32.5738,150.2039,326.6,"N","2020-01-04",1506,"N",0,"2020-01-04 15:06:00","Denman","New South Wales",1547,1,19.9,4.3,43,0,0,0.5322,0.0420115515589714,716
-13.2875,130.6787,300.1,"N","2020-06-06",1717,"N",0,"2020-06-06 17:17:00","Palmerston","Northern Territory",33695,1,20.5,9,66,49,0,0.4867,0.12213733792305,26
-14.8554,126.3504,323.2,"D","2020-05-07",147,"D",0,"2020-05-07 01:47:00",NA,NA,NA,1,35,13.3,14,0,0,0.5286,0.133089333772659,331
-31.4452,145.7807,304.2,"D","2020-06-30",354,"D",0,"2020-06-30 03:54:00","Cobar","New South Wales",3369,1,14.1,11.4,60,1,0,0.3928,0.120388694107533,252
-11.2256,132.0079,343.8,"D","2020-07-17",442,"D",0,"2020-07-17 04:42:00","Palmerston","Northern Territory",33695,1,25.8,13.3,50,40,0,0.6553,0.101813413202763,6
-16.8461,137.0558,327.6,"D","2020-07-01",441,"D",0,"2020-07-01 04:41:00",NA,NA,NA,1,27.5,16.6,38,11,0,0.4318,0.0907606482505798,121
-14.8956,130.566,320.3,"D","2020-06-06",448,"D",0,"2020-06-06 04:48:00",NA,NA,NA,1,26,7.7,30,0,0,0.3831,0.107223950326443,222
-19.4793,144.53,337.6,"D","2020-11-27",34,"D",0,"2020-11-27 00:34:00",NA,NA,NA,1,32.5,19.9,24,25,0,0.3781,0.0607329420745373,739
-15.2637,127.0254,323.3,"D","2020-07-06",211,"D",0,"2020-07-06 02:11:00",NA,NA,NA,1,27.6,20.5,19,0,0,0.3113,0.0696299970149994,321
-14.4732,144.5603,340.3,"D","2020-09-11",352,"D",0,"2020-09-11 03:52:00",NA,NA,NA,1,23.8,22.8,65,2,0,0.4372,0.206873163580894,15
-15.371,134.4644,324.1,"D","2020-06-25",518,"D",0,"2020-06-25 05:18:00",NA,NA,NA,1,25.1,8.2,21,0,0,0.35,0.0733797252178192,76
-14.1926,131.3094,323.5,"D","2020-05-12",454,"D",0,"2020-05-12 04:54:00","Palmerston","Northern Territory",33695,1,26.6,7.6,49,3,0,0.5231,0.125938832759857,56
-13.3926,132.489,318.7,"D","2020-06-03",128,"D",0,"2020-06-03 01:28:00","Palmerston","Northern Territory",33695,1,29.5,18.3,18,0,0,0.5659,0.153197407722473,193
-14.2296,127.0445,313.8,"D","2020-07-18",236,"D",0,"2020-07-18 02:36:00",NA,NA,NA,1,33.8,13.3,12,0,0,0.3347,0.109561026096344,125
-36.6494,140.6611,332.6,"D","2020-04-17",454,"D",0,"2020-04-17 04:54:00","Millicent","South Australia",4760,1,14.5,13.9,68,22,0,0.389,0.115540690720081,75
-12.9234,133.3561,317.9,"D","2020-05-27",122,"D",0,"2020-05-27 01:22:00",NA,NA,NA,1,32.2,11.5,23,88,0,0.4167,0.137276619672775,268
-15.0534,128.0211,314.5,"D","2020-05-08",230,"D",0,"2020-05-08 02:30:00",NA,NA,NA,1,30.8,17.6,35,0,0,0.4059,0.0981821864843369,188
-32.7952,119.9005,363.8,"D","2020-02-07",532,"D",0,"2020-02-07 05:32:00",NA,NA,NA,1,34,15.5,20,100,0,0.41,0.0441761948168278,419
-42.0163,145.2947,390.4,"D","2020-09-10",440,"D",0,"2020-09-10 04:40:00","Queenstown","Tasmania",1772,1,10.2,17.1,65,96,0,0.816,0.387040317058563,125
-37.6502,148.9925,324.4,"D","2020-01-30",441,"D",0,"2020-01-30 04:41:00","Orbost","Victoria",2014,1,25.1,8,63,0,0,0.588,0.18845134973526,184
-13.394,133.6704,324.7,"D","2020-04-26",454,"D",0,"2020-04-26 04:54:00",NA,NA,NA,1,29.2,9.4,40,12,0,0.6695,0.170800045132637,361
-35.8778,136.825,347.2,"D","2020-01-03",500,"D",0,"2020-01-03 05:00:00",NA,NA,NA,1,21.8,21.6,60,89,0,0.7073,0.0588333792984486,198
-35.962,148.3243,369.5,"D","2020-01-02",417,"D",0,"2020-01-02 04:17:00","Jindabyne","New South Wales",2233,1,19.5,4,37,0,0,0.7825,0.119599416851997,1536
-36.957,147.2926,327.3,"N","2020-01-03",1246,"N",0,"2020-01-03 12:46:00","Albury","New South Wales",4804,1,15.3,11.1,37,0,0,0.7105,0.0851958021521568,1187
-34.7968,150.3088,374.4,"D","2020-01-03",2349,"D",0,"2020-01-03 23:49:00","Bomaderry","New South Wales",6661,1,39.7,11.5,23,0,0,0.47715,0.0426625907421112,62
-13.3138,131.9747,323.7,"D","2020-06-18",512,"D",0,"2020-06-18 05:12:00","Palmerston","Northern Territory",33695,1,30.8,11.3,32,68,0,0.4882,0.122730746865273,92
-11.5306,132.9821,327.2,"D","2020-07-15",455,"D",0,"2020-07-15 04:55:00",NA,NA,NA,1,25,7.6,70,60,0,0.5937,0.109899371862411,28
-13.0674,130.7713,335.4,"D","2020-05-28",454,"D",0,"2020-05-28 04:54:00","Palmerston","Northern Territory",33695,1,26.5,9.1,45,0,0,0.5516,0.257229655981064,62
-37.2221,149.2376,371.8,"N","2020-01-04",1507,"N",0,"2020-01-04 15:07:00","Eden","New South Wales",3151,1,11.4,10.4,76,84,0,0.7108,0.0671182349324226,634
-15.1126,143.3273,309.7,"D","2020-06-03",128,"D",0,"2020-06-03 01:28:00",NA,NA,NA,1,28.8,17.1,39,98,0,0.4608,0.146412640810013,171
-15.2105,131.4783,330.4,"D","2020-09-21",429,"D",0,"2020-09-21 04:29:00",NA,NA,NA,1,35.5,8.7,38,39,0.1,0.239,0.161114424467087,187
-21.9902,147.4035,339.3,"D","2020-11-24",4,"D",0,"2020-11-24 00:04:00",NA,NA,NA,1,36.5,3.2,22,82,0,0.1172,0.169535577297211,215
-37.8368,144.789,300.2,"D","2020-08-27",14,"D",2,"2020-08-27 00:14:00","Melbourne","Victoria",5031195,1,18.1,33.9,48,70,0,0.2541,0.307860732078552,25
-35.861,148.045,315.6,"N","2020-01-14",1228,"N",0,"2020-01-14 12:28:00","Tumut","New South Wales",6230,1,19.3,9.5,67,80,0,0.5926,0.0813717022538185,486
-31.0501,115.9125,323.2,"D","2020-04-23",557,"D",0,"2020-04-23 05:57:00","Perth","Western Australia",2141834,1,22.2,6.2,61,1,0,0.407,0.0695082917809486,179
-17.6621,141.9941,329.8,"D","2020-11-29",21,"D",0,"2020-11-29 00:21:00",NA,NA,NA,1,38.9,5.4,24,22,0,0.3253,0.0990345701575279,72
-35.6202,148.5108,312.1,"N","2020-01-11",1335,"N",0,"2020-01-11 13:35:00","Tumut","New South Wales",6230,1,10.1,13,88,74,0,0.6946,0.110587015748024,1316
-14.8719,143.9426,314.2,"D","2020-05-27",410,"D",0,"2020-05-27 04:10:00",NA,NA,NA,1,23.4,8.1,66,85,0,0.5339,0.246362909674644,32
-13.8279,132.6971,317.5,"D","2020-07-03",140,"D",0,"2020-07-03 01:40:00",NA,NA,NA,1,28.9,22.4,45,30,0,0.4948,0.102265708148479,286
-33.7041,140.4122,329.8,"D","2020-11-16",56,"D",0,"2020-11-16 00:56:00","Renmark","South Australia",4634,1,27.1,23.6,17,0,0,0.303,0.0739020109176636,53
-27.7203,150.6513,315.9,"D","2020-08-28",336,"D",0,"2020-08-28 03:36:00","Toowoomba","Queensland",108398,1,14.8,8.3,36,0,0,0.3206,0.199995383620262,306
-37.1692,148.4175,485.6,"D","2020-01-04",404,"D",0,"2020-01-04 04:04:00","Orbost","Victoria",2014,1,13.8,12.6,79,99,0,0.54075,0.0660381466150284,1072
-12.2976,133.735,330.1,"D","2020-05-12",204,"D",0,"2020-05-12 02:04:00",NA,NA,NA,1,35,9.2,27,85,0,0.6008,0.153024137020111,151
-27.8562,126.3895,339.1,"D","2020-11-24",144,"D",0,"2020-11-24 01:44:00",NA,NA,NA,1,37.1,4,8,0,0,0.1761,0.0362632162868977,420
-15.7946,130.6776,331.5,"D","2020-09-03",441,"D",0,"2020-09-03 04:41:00",NA,NA,NA,1,35.8,7.2,19,14,0,0.31,0.0551706105470657,80
-35.5685,150.1705,313.4,"D","2020-04-27",353,"D",0,"2020-04-27 03:53:00","Surfside","New South Wales",1371,1,15.6,4.7,88,43,0,0.6833,0.251440525054932,51
-12.8069,134.9379,330,"D","2020-11-16",51,"D",0,"2020-11-16 00:51:00",NA,NA,NA,1,38.5,18.8,25,54,0,0.4574,0.0534629970788956,82
-14.6954,144.8455,333.9,"D","2020-09-29",51,"D",0,"2020-09-29 00:51:00",NA,NA,NA,1,28.8,25.9,48,35,0,0.4521,0.205974131822586,30
-11.7148,131.1193,314,"D","2020-07-17",152,"D",0,"2020-07-17 01:52:00","Darwin","Northern Territory",139902,1,29.8,12,38,94,0,0.6451,0.158541977405548,46
-35.81,150.0181,315.2,"N","2020-01-01",1259,"N",0,"2020-01-01 12:59:00","Batehaven","New South Wales",1776,1,9.3,6.9,99,8,0,0.6475,0.137297987937927,312
-27.8631,150.7791,315.7,"D","2020-09-24",36,"D",0,"2020-09-24 00:36:00","Toowoomba","Queensland",108398,1,23.2,11.5,19,0,0,0.4931,0.130915835499763,328
-13.3311,142.0911,351.6,"D","2020-07-16",359,"D",0,"2020-07-16 03:59:00",NA,NA,NA,1,27.6,14.4,45,0,0,0.5061,0.137588083744049,69
-13.216,132.0792,323.1,"D","2020-05-28",454,"D",0,"2020-05-28 04:54:00","Palmerston","Northern Territory",33695,1,27.2,9.4,38,0,0,0.3941,0.155517846345901,62
-11.9297,132.6625,328.2,"D","2020-06-20",501,"D",0,"2020-06-20 05:01:00","Palmerston","Northern Territory",33695,1,27.1,17.8,67,35,0,0.3594,0.137868791818619,5
-17.4492,143.9454,342.3,"D","2020-12-03",422,"D",0,"2020-12-03 04:22:00","Mareeba","Queensland",8585,1,32,26.4,32,1,0,0.3839,0.0446559265255928,284
-14.723,144.7489,302.4,"N","2020-10-01",1557,"N",0,"2020-10-01 15:57:00",NA,NA,NA,1,22.2,15.6,68,98,0,0.4711,0.121703341603279,164
-37.4015,149.3678,321.1,"N","2020-01-13",1501,"N",0,"2020-01-13 15:01:00","Eden","New South Wales",3151,1,15.9,9.1,85,1,0,0.6036,0.143201634287834,346
-19.7903,144.7104,332.5,"D","2020-11-29",22,"D",0,"2020-11-29 00:22:00","Charters Towers","Queensland",8040,1,33.5,9.1,21,0,0,0.3207,0.0786926597356796,694
-15.5509,143.5725,309.9,"N","2020-11-17",1347,"N",0,"2020-11-17 13:47:00",NA,NA,NA,1,21.5,12.9,84,4,0,0.5241,0.148799374699593,289
-25.0958,151.8165,327.6,"D","2020-08-23",35,"D",0,"2020-08-23 00:35:00","Bargara","Queensland",8883,1,19.8,13.3,23,0,0,0.6304,0.20051571726799,164
-12.3012,132.2934,311.5,"D","2020-05-24",519,"D",0,"2020-05-24 05:19:00","Palmerston","Northern Territory",33695,1,23.5,8.2,44,0,0,0.6136,0.363620281219482,6
-13.236,134.6448,327,"D","2020-05-27",411,"D",0,"2020-05-27 04:11:00",NA,NA,NA,1,30.8,12.8,26,73,0,0.5225,0.128085181117058,94
-25.9941,151.2216,336.1,"D","2020-11-30",349,"D",0,"2020-11-30 03:49:00","Kingaroy","Queensland",10020,1,31.2,21.3,38,4,0,0.495,0.117745839059353,361
-14.4119,126.6814,341.7,"D","2020-07-15",454,"D",0,"2020-07-15 04:54:00",NA,NA,NA,1,26.5,7.1,15,0,0,0.345,0.197548165917397,175
-24.4099,151.6495,314.3,"D","2020-08-05",331,"D",0,"2020-08-05 03:31:00","Gladstone","Queensland",34703,1,18.4,8.6,74,3,0,0.5344,0.234303057193756,39
-21.8349,140.3171,315.6,"N","2020-02-22",1547,"N",0,"2020-02-22 15:47:00",NA,NA,NA,1,26.4,14.3,78,39,0,0.2725,0.179685518145561,294
-15.2643,142.357,333.7,"D","2020-10-12",447,"D",0,"2020-10-12 04:47:00",NA,NA,NA,1,35,12.5,26,69,0,0.3572,0.0614651441574097,52
-36.4327,149.641,326.7,"D","2020-01-03",2349,"D",0,"2020-01-03 23:49:00","Tathra","New South Wales",1523,1,33.7,12.6,27,0,0,0.6566,0.127617806196213,688
-32.7458,119.8569,368.6,"D","2020-02-07",254,"D",0,"2020-02-07 02:54:00",NA,NA,NA,1,38.6,19.6,14,67,0,0.2439,0.0441761948168278,427
-14.9498,134.3993,338.9,"D","2020-11-12",116,"D",0,"2020-11-12 01:16:00",NA,NA,NA,1,39.3,13,28,49,0,0.2808,0.0441710390150547,37
-21.5808,149.0023,335.9,"D","2020-10-02",408,"D",0,"2020-10-02 04:08:00","Mackay","Queensland",72900,1,20.8,11,68,0,0,0.5595,0.177120447158813,199
-17.8033,144.1163,330.4,"D","2020-11-30",104,"D",0,"2020-11-30 01:04:00","Mareeba","Queensland",8585,1,35.7,9,28,25,0,0.2875,0.0605092644691467,441
-18.7024,141.973,332.8,"D","2020-12-08",15,"D",0,"2020-12-08 00:15:00",NA,NA,NA,1,42,15.2,14,4,0,0.2677,0.0945139080286026,94
-12.8797,142.7048,317.9,"N","2020-08-19",1311,"N",0,"2020-08-19 13:11:00",NA,NA,NA,1,17.5,4,92,0,0,0.5314,0.162264347076416,91
-36.498,148.0252,335.2,"D","2020-01-04",404,"D",0,"2020-01-04 04:04:00","Jindabyne","New South Wales",2233,1,20.7,14.4,59,41,0,0.697,0.0716255307197571,1116
-17.2369,145.3453,340.5,"D","2020-11-07",58,"D",0,"2020-11-07 00:58:00","Mareeba","Queensland",8585,1,29.8,11.5,39,34,0,0.4532,0.158534482121468,749
-21.1154,140.5294,340.3,"D","2020-11-19",123,"D",0,"2020-11-19 01:23:00",NA,NA,NA,1,37.8,21.7,15,32,0,0.1932,0.0610793642699718,317
-15.1329,145.1433,312.2,"D","2020-08-16",27,"D",0,"2020-08-16 00:27:00",NA,NA,NA,1,27.5,18.4,39,8,0,0.6338,0.0530007481575012,20
-17.1868,144.3145,305.6,"N","2020-11-18",1557,"N",0,"2020-11-18 15:57:00","Mareeba","Queensland",8585,1,23.4,20.2,57,0,0,0.3355,0.0969144850969315,310
-35.8333,149.2558,310.7,"N","2020-02-03",1342,"N",0,"2020-02-03 13:42:00","Canberra","Australian Capital Territory",381488,1,4.6,9.4,75,1,0,0.4762,0.108728110790253,1100
-16.9091,138.5918,336.4,"D","2020-11-02",505,"D",0,"2020-11-02 05:05:00",NA,NA,NA,1,27.8,8,86,0,0,0.2809,0.166025102138519,7
-21.25,145.4485,352.2,"D","2020-11-21",356,"D",0,"2020-11-21 03:56:00","Charters Towers","Queensland",8040,1,30.5,7.7,27,37,0,0.2528,0.0796270817518234,343
-24.8847,150.0659,302.1,"N","2020-01-26",1256,"N",0,"2020-01-26 12:56:00","Gladstone","Queensland",34703,1,24.3,5.5,82,97,0,0.3462,0.256694138050079,146
-33.7314,116.2315,320.2,"D","2020-05-14",615,"D",0,"2020-05-14 06:15:00","Australind","Western Australia",14539,1,15.6,7.3,72,0,0,0.7255,0.110151991248131,278
-35.6869,149.0733,350.4,"D","2020-02-03",417,"D",0,"2020-02-03 04:17:00","Canberra","Australian Capital Territory",381488,1,14.4,19,56,0,0,0.3766,0.161258071660995,778
-32.9578,120.2008,307.7,"N","2020-02-08",1540,"N",0,"2020-02-08 15:40:00",NA,NA,NA,1,18.2,15.1,69,29,0,0.3168,0.0837401151657104,315
-35.9084,149.545,312,"N","2020-01-31",1311,"N",0,"2020-01-31 13:11:00","Batehaven","New South Wales",1776,1,25.7,13.4,49,1,0,0.6367,0.114507794380188,944
-13.1395,131.7979,305.4,"N","2020-08-17",1324,"N",0,"2020-08-17 13:24:00","Palmerston","Northern Territory",33695,1,23,7.6,80,2,0,0.3283,0.112517364323139,41
-12.8592,133.1346,306.6,"N","2020-05-02",1342,"N",0,"2020-05-02 13:42:00",NA,NA,NA,1,22.1,24.9,32,2,0,0.5922,0.177500784397125,274
-17.9165,141.7661,327.1,"D","2020-11-22",15,"D",0,"2020-11-22 00:15:00",NA,NA,NA,1,39,11.8,15,93,0,0.3018,0.0856922119855881,56
-19.5119,146.1785,306,"N","2020-08-30",1251,"N",0,"2020-08-30 12:51:00","Rasmussen","Queensland",4456,1,14.4,5.8,93,71,0,0.346,0.115393102169037,398
-11.4994,131.0091,331.8,"D","2020-07-08",448,"D",0,"2020-07-08 04:48:00","Darwin","Northern Territory",139902,1,25.1,5.9,53,0,0,0.6844,0.103462554514408,28
-33.1549,150.0618,355.9,"D","2020-01-03",2348,"D",0,"2020-01-03 23:48:00","Wallerawang","New South Wales",1980,1,34.5,14.2,26,0,0,0.39425,0.0473817810416222,638
-36.7609,149.401,331.2,"D","2020-01-28",2343,"D",0,"2020-01-28 23:43:00","Merimbula","New South Wales",3544,1,21.2,5.4,48,0,0,0.3641,0.127441138029099,866
-12.7018,142.8734,345.5,"D","2020-11-10",417,"D",0,"2020-11-10 04:17:00",NA,NA,NA,1,26.6,16.6,69,21,0,0.5405,0.124654680490494,171
-12.8431,131.0689,326.7,"D","2020-07-12",134,"D",0,"2020-07-12 01:34:00","Palmerston","Northern Territory",33695,1,33.6,13.7,29,97,0,0.5782,0.163579642772675,77
-16.3331,144.8516,321.9,"D","2020-05-11",410,"D",0,"2020-05-11 04:10:00","Mareeba","Queensland",8585,1,20.9,15,67,3,0,0.6424,0.128588333725929,642
-32.3726,123.6376,302.3,"N","2020-01-05",1414,"N",0,"2020-01-05 14:14:00",NA,NA,NA,1,16.9,17.1,63,0,0,0.33345,0.0980255454778671,191
-21.2076,136.9116,342.3,"D","2020-12-02",516,"D",0,"2020-12-02 05:16:00",NA,NA,NA,1,38,21.2,15,74,0,0.1851,0.0424127355217934,250
-26.0402,151.7543,318.3,"D","2020-10-30",431,"D",0,"2020-10-30 04:31:00","Kingaroy","Queensland",10020,1,22.6,10.6,55,0,0,0.4158,0.0775713622570038,271
-25.7044,152.8199,318,"D","2020-07-20",330,"D",0,"2020-07-20 03:30:00","Urraween","Queensland",6969,1,21.8,5.3,42,73,0,0.7867,0.0833514407277107,34
-21.5579,119.845,321,"D","2020-05-20",541,"D",0,"2020-05-20 05:41:00",NA,NA,NA,1,24.8,13,19,0,0,0.2035,0.0705953985452652,298
-14.2304,132.1763,334.5,"D","2020-11-10",128,"D",0,"2020-11-10 01:28:00",NA,NA,NA,1,40.1,10.8,17,47,0,0.2404,0.086479939520359,145
-37.1522,149.1818,311.1,"N","2020-02-01",1532,"N",0,"2020-02-01 15:32:00","Eden","New South Wales",3151,1,18.5,0.7,89,64,0,0.7902,0.135336488485336,959
-36.0525,149.4632,336.7,"D","2020-01-26",2355,"D",0,"2020-01-26 23:55:00","Narooma","New South Wales",2605,1,21.6,10.5,56,2,0,0.6181,0.137720033526421,1239
-32.5643,122.3166,364.8,"D","2020-01-01",234,"D",0,"2020-01-01 02:34:00","Esperance","Western Australia",2080,1,37.5,10.3,13,0,0,0.3984,0.102396011352539,297
-13.968,130.2518,323,"D","2020-06-06",448,"D",0,"2020-06-06 04:48:00","Darwin","Northern Territory",139902,1,26.9,8.2,35,38,0,0.4925,0.105284482240677,121
-37.5953,147.5579,352.4,"N","2020-01-01",1258,"N",0,"2020-01-01 12:58:00","Paynesville","Victoria",3480,1,12.4,4.7,69,0,0,0.6735,0.08552485704422,425
-12.7917,130.8195,321.7,"D","2020-06-11",507,"D",0,"2020-06-11 05:07:00","Palmerston","Northern Territory",33695,1,29,6.6,53,94,0,0.4972,0.211693853139877,28
-32.0103,151.4359,315.6,"N","2020-01-04",1506,"N",0,"2020-01-04 15:06:00","Scone","New South Wales",5013,1,15.8,1.8,83,18,0,0.7808,0.0751650631427765,1454
-12.8306,142.6674,302.5,"N","2020-08-15",1336,"N",0,"2020-08-15 13:36:00",NA,NA,NA,1,19.1,8.4,92,82,0,0.4181,0.16625502705574,126
-16.3022,137.3644,335,"D","2020-11-05",110,"D",0,"2020-11-05 01:10:00",NA,NA,NA,1,33,18.9,55,8,0,0.4739,0.20059996843338,26
-13.4178,134.5298,340.4,"D","2020-07-31",454,"D",0,"2020-07-31 04:54:00",NA,NA,NA,1,26.9,15.5,36,0,0,0.461,0.0731049925088882,136
-13.0904,130.8441,322.9,"D","2020-04-22",519,"D",0,"2020-04-22 05:19:00","Palmerston","Northern Territory",33695,1,30,5.7,56,0,0,0.5937,0.381298959255219,61
-35.8492,148.6502,342.8,"D","2020-01-03",321,"D",0,"2020-01-03 03:21:00","Jindabyne","New South Wales",2233,1,25.6,10.7,22,0,0,0.6075,0.0890553742647171,1494
-14.5141,131.3976,320.9,"D","2020-05-15",524,"D",0,"2020-05-15 05:24:00",NA,NA,NA,1,27.2,9,39,67,0,0.5235,0.126982390880585,136
-20.8195,120.0883,374.2,"D","2020-02-04",220,"D",0,"2020-02-04 02:20:00",NA,NA,NA,1,42.1,18.3,8,0,0,0.2129,0.125078752636909,133
-13.8555,130.3933,321.5,"D","2020-06-07",531,"D",0,"2020-06-07 05:31:00","Darwin","Northern Territory",139902,1,27.9,7.9,38,78,0,0.4285,0.104624010622501,13
-24.8841,151.9588,317.9,"D","2020-06-09",337,"D",0,"2020-06-09 03:37:00","Bargara","Queensland",8883,1,19,13.3,60,40,0,0.587,0.144892156124115,53
-12.4316,142.8877,345.8,"D","2020-10-22",57,"D",0,"2020-10-22 00:57:00",NA,NA,NA,1,32.7,16.3,39,43,0,0.4688,0.0503868609666824,169
-34.138,116.9013,314.6,"D","2020-07-22",217,"D",0,"2020-07-22 02:17:00","Australind","Western Australia",14539,1,19.7,27.3,56,16,0,0.5672,0.353740751743317,262
-36.5374,148.1224,301,"N","2020-01-02",1519,"N",0,"2020-01-02 15:19:00","Jindabyne","New South Wales",2233,1,18.8,4.8,59,0,0,0.701,0.0858697146177292,593
-34.6562,146.0864,318,"D","2020-11-17",1,"D",0,"2020-11-17 00:01:00","Leeton","New South Wales",7437,1,25,12.6,21,0,0,0.2937,0.0932201594114304,125
-14.4071,131.9003,334.8,"D","2020-10-12",448,"D",0,"2020-10-12 04:48:00",NA,NA,NA,1,32.8,5.9,41,2,0,0.3772,0.0662983134388924,145
-14.4093,142.1513,339.1,"D","2020-06-15",441,"D",0,"2020-06-15 04:41:00",NA,NA,NA,1,28,7.6,57,11,0,0.5901,0.142595201730728,63
-13.2671,132.5315,324.1,"D","2020-05-30",442,"D",0,"2020-05-30 04:42:00","Palmerston","Northern Territory",33695,1,30.1,5,27,0,0,0.4852,0.137380078434944,169
-24.0961,147.734,322.5,"D","2020-09-28",432,"D",0,"2020-09-28 04:32:00",NA,NA,NA,1,23.2,10,25,0,0,0.2607,0.0522087290883064,255
-13.9679,130.6409,314.3,"D","2020-06-22",159,"D",0,"2020-06-22 01:59:00","Palmerston","Northern Territory",33695,1,30.7,16,18,0,0,0.412,0.0954451113939285,97
-12.9818,141.6959,304.6,"N","2020-10-15",1305,"N",0,"2020-10-15 13:05:00",NA,NA,NA,1,23.8,13,74,0,0,0.5301,0.0548382624983788,34
-17.8394,141.8885,348.9,"D","2020-11-22",440,"D",0,"2020-11-22 04:40:00",NA,NA,NA,1,33.2,9.3,15,0,0,0.2803,0.0879373773932457,66
-13.4488,133.5368,322.4,"D","2020-04-26",454,"D",0,"2020-04-26 04:54:00",NA,NA,NA,1,29,9.2,40,4,0,0.5923,0.178457051515579,373
-16.8002,145.4279,328.3,"D","2020-11-01",422,"D",0,"2020-11-01 04:22:00","Mareeba","Queensland",8585,1,21.9,13.4,82,0,0,0.4158,0.0788015201687813,414
-35.8158,148.7657,362.4,"D","2020-01-04",404,"D",0,"2020-01-04 04:04:00","Canberra","Australian Capital Territory",381488,1,25.8,5.9,42,0,0.1,0.51255,0.089079923927784,1299
-17.6723,126.6011,340.5,"D","2020-11-16",517,"D",0,"2020-11-16 05:17:00",NA,NA,NA,1,34.1,15,30,86,0,0.2156,0.0386851131916046,489
-19.2043,125.5549,338.8,"D","2020-04-06",517,"D",0,"2020-04-06 05:17:00",NA,NA,NA,1,26.6,13,73,90,7,0.3031,0.0652611702680588,258
-28.2918,152.0519,316.6,"D","2020-04-26",311,"D",0,"2020-04-26 03:11:00","Toowoomba","Queensland",108398,1,21.8,5,52,93,0,0.521,0.140100300312042,490
-30.8584,121.5003,300.7,"N","2020-01-11",1651,"N",2,"2020-01-11 16:51:00","Boulder","Western Australia",4825,1,19.1,15.6,66,6,0,0.2585,0.0415198132395744,347
-11.3812,130.3301,319.4,"D","2020-07-29",507,"D",0,"2020-07-29 05:07:00","Darwin","Northern Territory",139902,1,25,5.2,60,57,0,0.5477,0.0980801731348038,23
-17.1215,127.9264,332.2,"D","2020-05-08",518,"D",0,"2020-05-08 05:18:00",NA,NA,NA,1,28.8,11.5,21,93,0,0.3524,0.0566354058682919,556
-11.5347,132.9539,328.3,"D","2020-07-15",455,"D",0,"2020-07-15 04:55:00",NA,NA,NA,1,25.5,10.4,69,11,0,0.628,0.109899371862411,24
-31.5412,151.4499,332.3,"N","2020-01-10",1253,"N",0,"2020-01-10 12:53:00","Quirindi","New South Wales",2602,1,24.9,21.7,43,96,0,0.5757,0.0531272888183594,971
-31.891,121.5163,349.8,"D","2020-01-07",615,"D",0,"2020-01-07 06:15:00","Boulder","Western Australia",4825,1,34.2,13.1,13,0,0,0.3365,0.0486776195466518,321
-37.8217,147.3072,340.7,"D","2020-10-12",26,"D",0,"2020-10-12 00:26:00","Maffra","Victoria",4548,1,22.5,9.7,52,0,0,0.6367,0.188160866498947,110
-28.9442,152.065,353.5,"D","2020-01-27",412,"D",0,"2020-01-27 04:12:00","Glen Innes","New South Wales",5184,1,20.9,10.4,70,75,0,0.6625,0.205747544765472,1095
-32.6066,123.4302,334.5,"D","2020-01-28",633,"D",0,"2020-01-28 06:33:00",NA,NA,NA,1,37.7,12.3,12,0,0,0.2955,0.0903846770524979,174
-41.3283,148.1729,338.1,"D","2020-10-03",446,"D",0,"2020-10-03 04:46:00","Evandale","Tasmania",1058,1,19.4,10.4,54,98,0,0.6929,0.308204978704453,198
-17.0002,122.5415,322.3,"D","2020-07-27",518,"D",0,"2020-07-27 05:18:00",NA,NA,NA,1,29.5,10.6,12,0,0,0.4883,0.068529948592186,28
-14.6801,144.8048,347.1,"D","2020-09-29",51,"D",0,"2020-09-29 00:51:00",NA,NA,NA,1,28.6,29.8,48,0,0,0.5602,0.205974131822586,42
-25.1811,148.0326,334.6,"D","2020-12-06",29,"D",0,"2020-12-06 00:29:00",NA,NA,NA,1,35.8,14.1,22,89,0,0.389,0.0536991842091084,683
-12.9903,141.6808,323.1,"D","2020-10-14",435,"D",0,"2020-10-14 04:35:00",NA,NA,NA,1,30,7.5,54,45,0,0.526,0.0548382624983788,28
-19.9453,144.1794,328,"D","2020-01-10",332,"D",0,"2020-01-10 03:32:00",NA,NA,NA,1,30,13.3,24,77,0,0.4375,0.0321192666888237,839
-16.7583,142.8751,332.6,"D","2020-10-20",110,"D",0,"2020-10-20 01:10:00",NA,NA,NA,1,38,3.4,26,21,0,0.3752,0.0604042559862137,92
-31.0172,116.2185,317.5,"D","2020-04-03",622,"D",0,"2020-04-03 06:22:00","Perth","Western Australia",2141834,1,19.4,8.4,29,0,0,0.3253,0.177126675844193,203
-21.2134,145.2818,337.3,"D","2020-11-24",4,"D",0,"2020-11-24 00:04:00","Charters Towers","Queensland",8040,1,38.4,11.2,16,26,0,0.2315,0.0354237519204617,385
-14.9988,131.0362,328.4,"D","2020-06-30",110,"D",0,"2020-06-30 01:10:00",NA,NA,NA,1,30.8,11.3,18,0,0,0.3684,0.0870199501514435,299
-13.9126,143.0074,328.6,"D","2020-07-16",358,"D",0,"2020-07-16 03:58:00",NA,NA,NA,1,23.9,11.7,60,0,0,0.5351,0.133350253105164,166
-37.0532,148.333,415.8,"D","2020-01-04",404,"D",0,"2020-01-04 04:04:00","Orbost","Victoria",2014,1,15.6,13.4,78,100,0,0.3515,0.0937802493572235,899
-41.2062,145.6462,314.4,"D","2020-03-26",351,"D",0,"2020-03-26 03:51:00","Somerset","Tasmania",3903,1,9.9,6,88,100,0,0.8922,0.340753704309464,513
-35.0469,145.7983,301,"D","2020-06-03",411,"D",0,"2020-06-03 04:11:00","Narrandera","New South Wales",3783,1,11.2,13.9,62,14,0,0.6231,0.162758857011795,115
-17.1681,144.3304,337.7,"D","2020-11-18",39,"D",0,"2020-11-18 00:39:00","Mareeba","Queensland",8585,1,37.5,18.7,16,20,0,0.2894,0.0969144850969315,332
-15.7547,135.9769,337.5,"D","2020-11-29",447,"D",0,"2020-11-29 04:47:00",NA,NA,NA,1,29.9,15.1,65,5,0,0.2898,0.0392934530973434,52
-16.2088,144.5253,325.3,"D","2020-07-18",345,"D",0,"2020-07-18 03:45:00","Mareeba","Queensland",8585,1,17.2,12.1,65,98,0,0.4806,0.130710482597351,810
-35.7199,136.7768,335.9,"D","2020-01-01",512,"D",0,"2020-01-01 05:12:00",NA,NA,NA,1,17.7,12.1,62,0,0,0.5602,0,90
-33.5867,116.2113,332.1,"D","2020-12-15",621,"D",0,"2020-12-15 06:21:00","Australind","Western Australia",14539,1,21.6,15.9,26,0,0,0.6493,0.102242588996887,258
-13.4294,131.6422,303.3,"N","2020-07-21",1342,"N",0,"2020-07-21 13:42:00","Palmerston","Northern Territory",33695,1,19.1,14.2,25,0,0,0.473,0.0865370333194733,117
-25.6236,152.0858,334.6,"D","2020-11-21",355,"D",0,"2020-11-21 03:55:00","Urraween","Queensland",6969,1,21.8,12,64,0,0,0.6057,0.0958656594157219,279
-35.8485,149.037,333.7,"D","2020-02-03",417,"D",0,"2020-02-03 04:17:00","Canberra","Australian Capital Territory",381488,1,10.5,14.8,67,0,0,0.4447,0.118379905819893,1187
-35.7395,148.9401,393.9,"N","2020-01-31",1449,"N",0,"2020-01-31 14:49:00","Canberra","Australian Capital Territory",381488,1,22.2,9.7,61,15,0,0.4261,0.165591880679131,1129
-25.1553,149.9271,310.3,"D","2020-08-30",2346,"D",0,"2020-08-30 23:46:00",NA,NA,NA,1,18.8,4.7,56,0,0,0.5358,0.170068979263306,371
-12.1085,142.1493,302.5,"N","2020-08-01",1324,"N",0,"2020-08-01 13:24:00","Thursday Island","Queensland",2805,1,21,13.8,82,13,0,0.5976,0.178656846284866,58
-17.3693,145.0885,317.7,"N","2020-11-30",1316,"N",0,"2020-11-30 13:16:00","Mareeba","Queensland",8585,1,19.3,3.9,81,1,0,0.4084,0.0657366365194321,704
-16.8782,138.0904,337.8,"D","2020-11-11",459,"D",0,"2020-11-11 04:59:00",NA,NA,NA,1,29.6,15.1,69,17,0,0.4357,0.148349523544312,22
-12.2827,142.7253,318.5,"D","2020-08-01",359,"D",0,"2020-08-01 03:59:00",NA,NA,NA,1,23,16.8,72,36,0,0.5631,0.15983921289444,128
-17.1149,144.8587,322.6,"N","2020-01-12",1245,"N",0,"2020-01-12 12:45:00","Mareeba","Queensland",8585,1,20.5,5.9,89,13,0,0.521,0.0719997808337212,769
-29.0336,127.2672,327.4,"D","2020-03-19",527,"D",0,"2020-03-19 05:27:00",NA,NA,NA,1,32.8,17.8,27,11,0,0.2389,0.0297830682247877,229
-17.122,123.0845,359.2,"D","2020-10-10",212,"D",0,"2020-10-10 02:12:00",NA,NA,NA,1,37.7,24.7,23,76,0,0.3253,0.0305354036390781,91
-37.237,149.1499,334.6,"N","2020-01-14",1544,"N",0,"2020-01-14 15:44:00","Eden","New South Wales",3151,1,20.8,12.7,67,30,0,0.5636,0.0974611192941666,443
-18.3018,127.8122,325.7,"N","2020-08-23",1424,"N",0,"2020-08-23 14:24:00",NA,NA,NA,1,17.9,12.4,25,0,0,0.1976,0.0568913742899895,423
-25.5308,151.1743,317.3,"N","2020-01-30",1231,"N",0,"2020-01-30 12:31:00","Kingaroy","Queensland",10020,1,22.8,6,87,13,0,0.4883,0.202752500772476,178
-14.4912,130.786,404.7,"D","2020-11-16",518,"D",0,"2020-11-16 05:18:00",NA,NA,NA,1,32,8.2,43,38,0,0.4807,0.0752267986536026,279
-36.4033,141.5937,301.3,"D","2020-08-27",429,"D",0,"2020-08-27 04:29:00","Horsham","Victoria",15134,1,13.1,29.8,72,79,0,0.68,0.242290034890175,155
-13.7736,130.5573,321.2,"D","2020-05-01",513,"D",0,"2020-05-01 05:13:00","Palmerston","Northern Territory",33695,1,30.9,11.9,23,72,0,0.5367,0.168394982814789,20
-13.4803,130.2678,320.2,"D","2020-06-29",205,"D",0,"2020-06-29 02:05:00","Darwin","Northern Territory",139902,1,33.2,10.9,26,85,0,0.4504,0.217623144388199,2
-13.3756,142.6361,336.6,"D","2020-06-23",103,"D",0,"2020-06-23 01:03:00",NA,NA,NA,1,29.9,16.6,45,44,0,0.5859,0.179424375295639,74
-21.0533,116.6585,333.5,"D","2020-06-24",612,"D",0,"2020-06-24 06:12:00",NA,NA,NA,1,25.1,14.1,37,0,0,0.3227,0.0773333311080933,66
-37.0204,148.1183,316.5,"N","2020-01-03",1246,"N",0,"2020-01-03 12:46:00","Orbost","Victoria",2014,1,15,11.1,37,61,0,0.40005,0.0813948661088943,1165
-10.9551,142.4817,306.2,"N","2020-11-11",1550,"N",0,"2020-11-11 15:50:00","Thursday Island","Queensland",2805,1,26.2,10.5,78,8,0,0.5587,0.0682619288563728,30
-16.6709,143.704,312.1,"N","2020-11-16",1304,"N",0,"2020-11-16 13:04:00","Mareeba","Queensland",8585,1,23.6,10.8,66,16,0,0.342,0.113695114850998,158
-22.3494,146.9836,310.6,"N","2020-10-20",1321,"N",0,"2020-10-20 13:21:00",NA,NA,NA,1,22.2,17.9,67,1,0,0.2509,0.0603426620364189,254
-32.4618,116.7268,300.1,"N","2020-04-23",1658,"N",0,"2020-04-23 16:58:00","Mandurah","Western Australia",90306,1,12.6,4.7,94,48,0,0.4676,0.102847009897232,365
-15.864,126.2847,328.1,"D","2020-05-10",506,"D",0,"2020-05-10 05:06:00",NA,NA,NA,1,30.4,14.4,20,0,0,0.3127,0.123159974813461,434
-29.038,127.9261,334.1,"D","2020-11-10",551,"D",0,"2020-11-10 05:51:00",NA,NA,NA,1,24.2,24,16,0,0,0.2078,0.0432406142354012,257
-25.8918,151.1533,332.3,"D","2020-11-06",17,"D",0,"2020-11-06 00:17:00","Kingaroy","Queensland",10020,1,29.1,9.3,17,0,0,0.5692,0.18747141957283,333
-20.7301,139.4868,301.7,"N","2020-07-11",1611,"N",2,"2020-07-11 16:11:00",NA,NA,NA,1,12,25.2,51,6,0,0.2645,0.0719416067004204,353
-13.1445,131.9898,341.9,"D","2020-05-30",442,"D",0,"2020-05-30 04:42:00","Palmerston","Northern Territory",33695,1,29.4,6.4,45,0,0,0.4955,0.20940974354744,58
-14.721,125.398,303.9,"N","2020-05-25",1653,"N",0,"2020-05-25 16:53:00",NA,NA,NA,1,19.8,12.3,74,98,0,0.5742,0.128304094076157,178
-32.3806,123.5162,362.3,"D","2020-01-02",139,"D",0,"2020-01-02 01:39:00",NA,NA,NA,1,39.6,35.1,17,0,0,0.3936,0.102902591228485,194
-41.5399,144.9937,300.1,"N","2020-04-09",1328,"N",0,"2020-04-09 13:28:00","Queenstown","Tasmania",1772,1,12.6,18.7,94,25,0,0.7898,0.354791224002838,202
-25.0218,147.7048,335.7,"D","2020-11-22",438,"D",0,"2020-11-22 04:38:00",NA,NA,NA,1,23.8,12.7,33,0,0,0.4523,0.069269061088562,769
-13.9976,134.7119,324.9,"D","2020-05-12",454,"D",0,"2020-05-12 04:54:00",NA,NA,NA,1,27.6,15.8,45,7,0,0.5182,0.120372340083122,170
-28.5058,152.0115,322.7,"D","2020-10-30",11,"D",0,"2020-10-30 00:11:00","Toowoomba","Queensland",108398,1,24.8,16.5,31,1,0,0.4404,0.14031720161438,872
-19.9172,144.6178,340.5,"D","2020-11-02",40,"D",0,"2020-11-02 00:40:00","Charters Towers","Queensland",8040,1,29.8,11.2,28,0,0,0.3542,0.067393384873867,864
-37.6467,148.9262,318.2,"N","2020-01-04",1329,"N",0,"2020-01-04 13:29:00","Orbost","Victoria",2014,1,14.1,10.4,76,78,0,0.48075,0.141045570373535,110
-14.3551,127.706,340.9,"D","2020-10-31",518,"D",0,"2020-10-31 05:18:00",NA,NA,NA,1,32.2,14.2,51,18,0,0.2709,0.0449262261390686,60
-11.443,132.2961,320.1,"D","2020-09-05",430,"D",0,"2020-09-05 04:30:00","Palmerston","Northern Territory",33695,1,28.9,17,50,11,0,0.4872,0.11306668817997,28
-37.5408,148.5082,320.5,"N","2020-01-01",1258,"N",0,"2020-01-01 12:58:00","Orbost","Victoria",2014,1,9.9,6.1,88,2,0,0.8036,0.0670958831906319,261
-35.5633,149.0589,326.2,"D","2020-01-28",453,"D",0,"2020-01-28 04:53:00","Canberra","Australian Capital Territory",381488,1,21.1,11.4,53,94,0,0.447,0.109679132699966,715
-12.393,142.9239,324.5,"D","2020-10-31",50,"D",0,"2020-10-31 00:50:00",NA,NA,NA,1,31.4,15.5,46,56,0,0.6146,0.052293885499239,133
-32.4459,119.6241,336.8,"N","2020-02-08",1540,"N",0,"2020-02-08 15:40:00",NA,NA,NA,1,19,13,74,5,0,0.303,0.0435961969196796,372
-36.8532,149.6588,339.2,"N","2020-02-01",1216,"N",0,"2020-02-01 12:16:00","Merimbula","New South Wales",3544,1,18.9,3.8,92,9,0,0.5652,0.258283466100693,520
-42.5564,146.9939,316.6,"D","2020-11-18",458,"D",0,"2020-11-18 04:58:00","New Norfolk","Tasmania",5432,1,15.9,7.9,59,22,0,0.7535,0.347712635993958,403
-14.4373,127.7272,351.7,"D","2020-03-28",525,"D",0,"2020-03-28 05:25:00",NA,NA,NA,1,33,11,43,14,0,0.3514,0.144733592867851,143
-25.0242,147.7022,333.9,"D","2020-11-29",23,"D",0,"2020-11-29 00:23:00",NA,NA,NA,1,35,6,14,96,0,0.4995,0.0691061168909073,756
-13.1611,131.0381,307.3,"N","2020-06-26",1348,"N",0,"2020-06-26 13:48:00","Palmerston","Northern Territory",33695,1,21.4,9.2,47,2,0,0.4942,0.177967980504036,104
-30.5328,150.9235,332.6,"D","2020-01-04",406,"D",0,"2020-01-04 04:06:00","Manilla","New South Wales",2014,1,32.3,7.3,23,16,0,0.39585,0.0448769740760326,850
-16.257,124.734,320.3,"D","2020-05-03",500,"D",0,"2020-05-03 05:00:00",NA,NA,NA,1,28.5,7.6,25,0,0,0.439,0.137033402919769,141
-13.0935,130.8536,329.3,"D","2020-05-28",454,"D",0,"2020-05-28 04:54:00","Palmerston","Northern Territory",33695,1,27.1,5.9,46,0,0,0.5648,0.260494768619537,61
-15.7805,124.953,336.2,"D","2020-05-03",212,"D",0,"2020-05-03 02:12:00",NA,NA,NA,1,32,13.7,19,0,0,0.5477,0.156630337238312,250
-23.8705,133.4635,312.5,"D","2020-07-22",457,"D",0,"2020-07-22 04:57:00",NA,NA,NA,1,11.8,11.4,60,0,0,0.1698,0.0414699837565422,605
-14.2504,132.2439,330.4,"D","2020-05-28",454,"D",0,"2020-05-28 04:54:00",NA,NA,NA,1,27.2,10.8,29,36,0,0.4187,0.122333861887455,209
-14.2249,142.5157,350.4,"D","2020-12-05",410,"D",0,"2020-12-05 04:10:00",NA,NA,NA,1,32,14.2,40,1,0,0.4936,0.110651560127735,160
-37.7345,149.0958,367.7,"N","2020-01-13",1323,"N",0,"2020-01-13 13:23:00","Orbost","Victoria",2014,1,15.4,9.6,92,3,0,0.151,0.072337195277214,93
-36.626,147.7985,333.6,"N","2020-01-31",1311,"N",0,"2020-01-31 13:11:00","Jindabyne","New South Wales",2233,1,23.8,8.6,49,91,0,0.7156,0.114869639277458,1191
-14.3571,127.0547,317,"D","2020-07-18",236,"D",0,"2020-07-18 02:36:00",NA,NA,NA,1,33.2,12,12,0,0,0.4172,0.0551844388246536,215
-12.9559,136.0142,315.3,"D","2020-07-30",122,"D",0,"2020-07-30 01:22:00",NA,NA,NA,1,27.5,21.7,37,0,0,0.5035,0.0833223313093185,36
-24.2573,150.5609,300.7,"N","2020-10-14",1219,"N",0,"2020-10-14 12:19:00","Gladstone","Queensland",34703,1,15.9,10.8,72,6,0,0.5404,0.0666010603308678,273
-37.3758,149.1621,322.6,"N","2020-01-04",1507,"N",0,"2020-01-04 15:07:00","Orbost","Victoria",2014,1,13.9,12.3,73,86,0,0.50625,0.0790772810578346,216
-17.9001,122.8722,372.6,"D","2020-04-29",524,"D",0,"2020-04-29 05:24:00",NA,NA,NA,1,38.5,19.4,15,100,0,0.3575,0.0681470632553101,32
-37.4579,141.7939,342.2,"D","2020-11-01",416,"D",0,"2020-11-01 04:16:00","Horsham","Victoria",15134,1,15.1,8.7,82,0,0,0.6619,0.401119142770767,239
-16.5051,142.2617,336.1,"D","2020-11-07",58,"D",0,"2020-11-07 00:58:00",NA,NA,NA,1,39.5,8.7,20,55,0,0.2697,0.102097429335117,42
-16.2382,141.3882,328,"D","2020-12-09",345,"D",0,"2020-12-09 03:45:00",NA,NA,NA,1,30.4,11.2,70,12,0,0.2456,0.141086637973785,2
-35.8477,148.8858,328.3,"D","2020-01-30",441,"D",0,"2020-01-30 04:41:00","Canberra","Australian Capital Territory",381488,1,21.1,6.9,46,0,0,0.4311,0.143723428249359,1217
-24.3839,151.378,328.4,"D","2020-12-01",10,"D",0,"2020-12-01 00:10:00","Gladstone","Queensland",34703,1,33,11.4,35,0,0,0.531,0.103036493062973,211
-34.9821,141.1786,343.9,"D","2020-04-21",430,"D",0,"2020-04-21 04:30:00","Loxton","South Australia",3947,1,21,10.7,46,33,0,0.4168,0.0502095595002174,69
-14.511,142.5553,319.7,"D","2020-06-16",57,"D",0,"2020-06-16 00:57:00",NA,NA,NA,1,31.9,16.7,38,43,0,0.5633,0.16719588637352,111
-26.1706,152.6062,314.2,"D","2020-04-22",337,"D",0,"2020-04-22 03:37:00","Peregian Beach","Queensland",3791,1,22.2,8.9,76,1,0,0.7652,0.174263030290604,44
-16.0376,136.8393,316.2,"D","2020-07-27",518,"D",0,"2020-07-27 05:18:00",NA,NA,NA,1,21.5,9.3,42,76,0,0.4019,0.17597371339798,8
-22.6107,124.6441,324.1,"D","2020-06-30",535,"D",0,"2020-06-30 05:35:00",NA,NA,NA,1,23,8.2,20,0,0,0.2121,0.0426779761910439,307
-21.7188,120.5372,301.8,"N","2020-06-15",1713,"N",0,"2020-06-15 17:13:00",NA,NA,NA,1,16,21.3,35,0,0,0.2319,0.0799773782491684,363
-35.6375,148.9441,330.8,"D","2020-01-28",2343,"D",0,"2020-01-28 23:43:00","Canberra","Australian Capital Territory",381488,1,21.1,3.2,40,0,0,0.4847,0.155847117304802,1184
-37.3445,149.4851,361.6,"D","2020-01-11",410,"D",0,"2020-01-11 04:10:00","Eden","New South Wales",3151,1,14.3,20.4,65,89,0,0.2001,0.100115545094013,196
-32.4813,123.4959,471.3,"D","2020-01-02",556,"D",0,"2020-01-02 05:56:00",NA,NA,NA,1,26.6,30.4,44,0,0,0.3573,0.105946354568005,180
-15.9652,141.8718,347,"D","2020-11-09",45,"D",0,"2020-11-09 00:45:00",NA,NA,NA,1,38.9,7.2,22,27,0,0.283,0.0924305692315102,21
-36.8864,146.8825,309.6,"D","2020-01-12",38,"D",0,"2020-01-12 00:38:00","Mansfield","Victoria",3999,1,25.6,12.8,31,71,0,0.6339,0.0919256880879402,477
-14.659,144.8706,339,"D","2020-10-01",39,"D",0,"2020-10-01 00:39:00",NA,NA,NA,1,28.2,33.5,49,0,0,0.3976,0.203960329294205,41
-13.3306,131.8029,334.4,"D","2020-07-12",134,"D",0,"2020-07-12 01:34:00","Palmerston","Northern Territory",33695,1,33.1,17.3,29,99,0,0.447,0.0924179255962372,112
-15.1266,142.1038,337.5,"N","2020-11-07",1311,"N",0,"2020-11-07 13:11:00",NA,NA,NA,1,26.9,13.5,60,16,0,0.2944,0.106764629483223,32
-11.6204,132.8397,328.3,"D","2020-09-27",531,"D",0,"2020-09-27 05:31:00",NA,NA,NA,1,26.5,7.4,82,54,0,0.4976,0.09876449406147,34
-12.0517,142.3735,352.1,"D","2020-09-27",353,"D",0,"2020-09-27 03:53:00","Thursday Island","Queensland",2805,1,28.7,17,54,90,0,0.4758,0.155605316162109,71
-34.4623,150.8719,306.1,"D","2020-06-09",334,"D",2,"2020-06-09 03:34:00","Wollongong","New South Wales",261896,1,11.8,6.3,94,86,0,0.4857,0.325141966342926,6
-37.5303,147.496,307.2,"N","2020-01-13",1323,"N",0,"2020-01-13 13:23:00","Paynesville","Victoria",3480,1,13.8,3.2,70,0,0,0.5904,0.120750099420547,468
-22.4014,146.909,324.3,"N","2020-11-04",1546,"N",0,"2020-11-04 15:46:00",NA,NA,NA,1,23.2,18.1,60,0,0,0.2794,0.0649534165859222,246
-13.7428,133.4295,322.6,"D","2020-04-29",525,"D",0,"2020-04-29 05:25:00",NA,NA,NA,1,30,6.1,44,70,0,0.6032,0.15692350268364,365
-27.3667,149.4379,311.5,"D","2020-09-17",2335,"D",0,"2020-09-17 23:35:00",NA,NA,NA,1,21.1,15.5,56,1,0,0.2983,0.0833788216114044,326
-38.3775,146.7888,314.3,"D","2020-07-09",346,"D",0,"2020-07-09 03:46:00","Yarram","Victoria",1739,1,7.9,5,99,7,0,0.759,0.251719892024994,129
-17.1292,127.9027,326.8,"D","2020-05-10",506,"D",0,"2020-05-10 05:06:00",NA,NA,NA,1,29.3,20.6,19,0,0,0.2387,0.0552349835634232,528
-37.0378,149.5492,319.2,"N","2020-02-01",1216,"N",0,"2020-02-01 12:16:00","Eden","New South Wales",3151,1,19.1,7.2,90,100,0,0.7296,0.143782764673233,430
-19.6916,124.789,338.8,"D","2020-12-03",600,"D",0,"2020-12-03 06:00:00",NA,NA,NA,1,35.8,5.8,33,70,0,0.1893,0.0470096133649349,157
-32.5674,123.3726,373,"D","2020-01-07",158,"D",0,"2020-01-07 01:58:00",NA,NA,NA,1,38.5,14.8,9,0,0,0.3488,0.105468682944775,188
-13.0631,130.2149,315.9,"D","2020-05-04",116,"D",0,"2020-05-04 01:16:00","Darwin","Northern Territory",139902,1,32.5,13.4,26,49,0,0.5291,0.272868394851685,42
-16.0021,145.1213,322.5,"D","2020-01-01",339,"D",0,"2020-01-01 03:39:00","Mareeba","Queensland",8585,1,25.3,11.2,72,3,0,0.607,0.14328733086586,245
-37.4295,149.1256,312.1,"N","2020-01-02",1341,"N",0,"2020-01-02 13:41:00","Orbost","Victoria",2014,1,11.8,5.4,85,0,0,0.8066,0.0790772810578346,652
-12.5767,132.6919,322.7,"D","2020-07-07",115,"D",0,"2020-07-07 01:15:00","Palmerston","Northern Territory",33695,1,31.9,14.8,28,0,0,0.4311,0.118757896125317,53
-27.8255,141.9824,339,"D","2020-11-13",24,"D",0,"2020-11-13 00:24:00",NA,NA,NA,1,34,25.2,13,89,0,0.1703,0.149242505431175,70
-35.7987,146.6866,312.9,"D","2020-04-14",423,"D",0,"2020-04-14 04:23:00","Howlong","New South Wales",2654,1,15.8,7.6,74,48,0,0.6502,0.294189840555191,184
-21.5901,140.908,338.3,"D","2020-11-17",421,"D",0,"2020-11-17 04:21:00",NA,NA,NA,1,37.7,24.4,18,100,0,0.1896,0.053930401802063,284
-12.1918,141.859,316.6,"D","2020-09-26",448,"D",0,"2020-09-26 04:48:00","Thursday Island","Queensland",2805,1,28,7,66,81,0,0.5528,0.105289123952389,24
-13.0232,134.5394,336.3,"D","2020-06-17",430,"D",0,"2020-06-17 04:30:00",NA,NA,NA,1,29.4,18.5,45,18,0,0.5572,0.12240095436573,128
-13.6783,131.7728,336.3,"D","2020-05-03",500,"D",0,"2020-05-03 05:00:00","Palmerston","Northern Territory",33695,1,28,12.9,21,53,0,0.5221,0.169423222541809,150
-13.6977,131.9272,324.3,"D","2020-04-30",430,"D",0,"2020-04-30 04:30:00","Palmerston","Northern Territory",33695,1,34.5,10.4,21,54,0,0.5036,0.173658475279808,144
-14.3302,129.8891,333.1,"D","2020-09-23",128,"D",0,"2020-09-23 01:28:00",NA,NA,NA,1,37.1,12.3,33,82,0,0.2785,0.0810159742832184,3
-19.7462,144.3039,356.6,"N","2020-01-10",1257,"N",0,"2020-01-10 12:57:00",NA,NA,NA,1,19.9,10.9,94,99,0,0.5261,0.0315067172050476,898
-31.4625,116.5079,324.5,"D","2020-04-07",140,"D",0,"2020-04-07 01:40:00","Perth","Western Australia",2141834,1,31.1,19.1,26,13,0,0.2516,0.0915689989924431,251
-35.634,148.9857,329,"D","2020-01-29",358,"D",0,"2020-01-29 03:58:00","Canberra","Australian Capital Territory",381488,1,19.8,4.6,71,81,0,0.3875,0.155847117304802,1156
-16.8681,122.6431,337.6,"D","2020-09-23",555,"D",0,"2020-09-23 05:55:00",NA,NA,NA,1,29,13.7,63,0,0,0.3623,0.0516580492258072,51
-17.9236,122.8899,336.9,"D","2020-03-26",536,"D",0,"2020-03-26 05:36:00",NA,NA,NA,1,35.3,2.5,42,32,0,0.4888,0.100224405527115,34
-36.5426,147.7658,432.6,"D","2020-01-04",404,"D",0,"2020-01-04 04:04:00","Jindabyne","New South Wales",2233,1,23,20.6,57,18,0,0.50685,0.0637002438306808,1021
-16.2128,124.7595,336.5,"D","2020-05-03",212,"D",0,"2020-05-03 02:12:00",NA,NA,NA,1,31.5,14.4,20,0,0,0.5288,0.139322966337204,211
-11.4434,132.1877,345.8,"D","2020-09-12",146,"D",0,"2020-09-12 01:46:00","Palmerston","Northern Territory",33695,1,31.9,12.8,25,80,0,0.555,0.10866191983223,21
-28.1665,150.4734,334.2,"D","2020-09-17",30,"D",0,"2020-09-17 00:30:00","Moree","New South Wales",7070,1,27.8,6.3,27,6,0,0.2843,0.0874163582921028,235
-14.7992,130.5164,335.3,"D","2020-06-25",518,"D",0,"2020-06-25 05:18:00",NA,NA,NA,1,27.7,10.1,15,56,0,0.4466,0.0868522822856903,107
-32.6104,150.7906,321.7,"N","2020-01-04",1506,"N",0,"2020-01-04 15:06:00","Denman","New South Wales",1547,1,19.6,16.5,48,1,0,0.76435,0.0397827737033367,426
-16.0897,126.8206,326.3,"D","2020-05-01",512,"D",0,"2020-05-01 05:12:00",NA,NA,NA,1,30.4,19.1,23,69,0,0.3898,0.107653304934502,379
-14.4003,126.99,327.2,"D","2020-07-17",153,"D",0,"2020-07-17 01:53:00",NA,NA,NA,1,32.5,11.5,13,89,0,0.4672,0.109945684671402,100
-21.8162,120.1456,314.6,"D","2020-07-22",213,"D",0,"2020-07-22 02:13:00",NA,NA,NA,1,27.4,13.6,16,0,0,0.2087,0.078188955783844,380
-35.9016,148.0338,472.1,"D","2020-01-11",410,"D",0,"2020-01-11 04:10:00","Tumut","New South Wales",6230,1,20.6,9.4,33,64,0,0.6691,0.0718076080083847,756
-14.7535,142.741,317.6,"D","2020-06-21",404,"D",0,"2020-06-21 04:04:00",NA,NA,NA,1,27,6.8,51,49,0,0.6298,0.172595903277397,114
-26.892,149.2918,332.6,"D","2020-11-09",2353,"D",0,"2020-11-09 23:53:00",NA,NA,NA,1,23.8,12.9,40,0,0,0.2429,0.0966029539704323,286
-13.0816,141.7061,307.6,"N","2020-10-10",1550,"N",0,"2020-10-10 15:50:00",NA,NA,NA,1,21.2,8.8,89,97,0,0.5168,0.0565816685557365,61
-12.6898,136.1511,376.1,"D","2020-11-29",448,"D",0,"2020-11-29 04:48:00",NA,NA,NA,1,28.2,10.8,70,86,0,0.5441,0.118293702602386,20
-13.1655,133.0871,318.8,"D","2020-05-03",500,"D",0,"2020-05-03 05:00:00",NA,NA,NA,1,28.8,14.8,20,96,0,0.3903,0.157229691743851,344
-22.4128,146.9685,307.6,"N","2020-11-05",1321,"N",0,"2020-11-05 13:21:00",NA,NA,NA,1,24.9,4.9,32,0,0,0.236,0.0649096518754959,252
-13.079,132.0224,348.5,"D","2020-05-30",442,"D",0,"2020-05-30 04:42:00","Palmerston","Northern Territory",33695,1,28,8.4,53,0,0,0.4961,0.137102484703064,62
-15.9778,135.9533,324.4,"D","2020-10-08",46,"D",0,"2020-10-08 00:46:00",NA,NA,NA,1,34.7,22.1,35,59,0.4,0.2357,0.0382085517048836,76
-25.5476,150.3926,352.9,"D","2020-12-06",29,"D",0,"2020-12-06 00:29:00",NA,NA,NA,1,37.3,13.4,22,88,0,0.382,0.105086982250214,409
-10.8606,142.4391,312.1,"D","2020-10-18",121,"D",0,"2020-10-18 01:21:00","Thursday Island","Queensland",2805,1,30,22.8,57,29,0.1,0.7324,0.0477602072060108,45
-25.3089,150.9333,318.4,"D","2020-08-14",324,"D",0,"2020-08-14 03:24:00","Bargara","Queensland",8883,1,24.4,10.9,39,1,0,0.4028,0.211191415786743,278
-12.8766,133.6321,325.6,"D","2020-05-03",500,"D",0,"2020-05-03 05:00:00",NA,NA,NA,1,27.7,16.5,34,99,0,0.507,0.152063071727753,336
-15.4872,129.4562,325,"D","2020-03-29",141,"D",0,"2020-03-29 01:41:00",NA,NA,NA,1,37.5,11.2,19,98,0,0.3342,0.163795113563538,150
-14.889,125.9306,317.8,"D","2020-05-10",218,"D",0,"2020-05-10 02:18:00",NA,NA,NA,1,34,20,18,17,0,0.3532,0.14460751414299,315
-14.2862,130.2409,330.9,"D","2020-06-10",423,"D",0,"2020-06-10 04:23:00",NA,NA,NA,1,29.2,11,38,71,0,0.6896,0.109091699123383,244
-17.6924,142.0248,333.8,"D","2020-11-22",440,"D",0,"2020-11-22 04:40:00",NA,NA,NA,1,32.5,8.4,16,0,0,0.3415,0.0863318368792534,78
-35.8449,148.8171,337.3,"D","2020-01-30",2331,"D",0,"2020-01-30 23:31:00","Jindabyne","New South Wales",2233,1,30.2,12.5,21,0,0,0.4446,0.148577839136124,1178
-15.7647,125.7432,330.8,"D","2020-11-02",506,"D",0,"2020-11-02 05:06:00",NA,NA,NA,1,29.6,12.8,40,11,0,0.2867,0.0491650141775608,530
-37.416,148.2195,322.4,"D","2020-01-29",358,"D",0,"2020-01-29 03:58:00","Orbost","Victoria",2014,1,19.8,6.4,76,0,0,0.6062,0.171224310994148,246
-16.3561,141.7527,343.5,"D","2020-11-16",339,"D",0,"2020-11-16 03:39:00",NA,NA,NA,1,31.7,18.8,54,0,0,0.2837,0.0813230276107788,17
-37.1345,147.9346,380.4,"D","2020-01-04",404,"D",0,"2020-01-04 04:04:00","Orbost","Victoria",2014,1,13.9,9.8,90,100,0,0.6732,0.0744895786046982,1246
-16.5186,125.0741,309.8,"N","2020-11-04",1418,"N",0,"2020-11-04 14:18:00",NA,NA,NA,1,24.9,7.6,81,0,0,0.2782,0.125408068299294,312
-11.9056,132.9253,369.9,"D","2020-10-12",448,"D",0,"2020-10-12 04:48:00",NA,NA,NA,1,28.3,16.8,65,0,0,0.4842,0.0555489659309387,39
-31.7867,148.8633,300.1,"N","2020-04-28",1223,"N",0,"2020-04-28 12:23:00","Gilgandra","New South Wales",2417,1,17.2,13.2,73,73,0,0.6275,0.179178774356842,376
-12.9705,130.7959,327.4,"D","2020-08-20",140,"D",0,"2020-08-20 01:40:00","Palmerston","Northern Territory",33695,1,35.8,9.2,29,2,0,0.4408,0.140776768326759,29
-14.9625,127.7934,329.2,"D","2020-06-16",524,"D",0,"2020-06-16 05:24:00",NA,NA,NA,1,28.4,9.2,26,0,0,0.3385,0.071545884013176,282
-32.4884,121.3215,328.9,"D","2020-01-12",216,"D",0,"2020-01-12 02:16:00","Esperance","Western Australia",2080,1,35.8,2.5,20,3,0,0.3434,0.045470904558897,283
-11.5027,130.3187,315.2,"D","2020-07-28",134,"D",0,"2020-07-28 01:34:00","Darwin","Northern Territory",139902,1,31.9,2.9,25,95,0,0.6316,0.1002376973629,70
-13.5397,131.8902,365.8,"D","2020-09-14",134,"D",0,"2020-09-14 01:34:00","Palmerston","Northern Territory",33695,1,35.2,17.3,15,0,0,0.3596,0.0609994307160378,166
-14.009,141.9731,330.6,"D","2020-11-03",121,"D",0,"2020-11-03 01:21:00",NA,NA,NA,1,37,12.6,25,25,0,0.437,0.0790832787752151,32
-35.7363,148.8655,355.1,"N","2020-02-04",1247,"N",0,"2020-02-04 12:47:00","Canberra","Australian Capital Territory",381488,1,5.6,8.7,95,61,0,0.5436,0.156203478574753,1657
-26.3934,147.7309,331.9,"D","2020-07-07",401,"D",0,"2020-07-07 04:01:00",NA,NA,NA,1,12.6,8.7,61,35,0,0.2997,0.0596711300313473,460
-13.9375,132.9946,322.8,"D","2020-06-04",500,"D",0,"2020-06-04 05:00:00",NA,NA,NA,1,23.5,11.3,21,0,0,0.3689,0.11600387096405,292
-16.9814,124.6785,357.3,"D","2020-11-12",542,"D",0,"2020-11-12 05:42:00",NA,NA,NA,1,34.7,22.9,38,0,0,0.2693,0.0401705130934715,134
-25.6532,151.0226,309.2,"N","2020-10-10",1243,"N",0,"2020-10-10 12:43:00","Kingaroy","Queensland",10020,1,17.4,8,88,15,0,0.5306,0.12057814002037,264
-29.9765,150.9888,327.3,"D","2020-01-05",311,"D",0,"2020-01-05 03:11:00","Inverell","New South Wales",9654,1,33.7,4,40,100,0,0.25855,0.046763114631176,567
-32.6777,150.1721,380.9,"D","2020-01-01",335,"D",0,"2020-01-01 03:35:00","Mudgee","New South Wales",9830,1,30,8.5,25,53,0,0.5365,0.0403498373925686,846
-15.6082,130.4155,322.8,"D","2020-05-14",441,"D",0,"2020-05-14 04:41:00",NA,NA,NA,1,31.1,14.7,20,18,0,0.3663,0.112931735813618,45
-15.6146,136.6549,371.6,"D","2020-07-14",410,"D",3,"2020-07-14 04:10:00",NA,NA,NA,1,22.8,19.9,43,96,0,-0.9999,0.0799801200628281,0
-23.3787,150.2043,331.1,"N","2020-10-19",1238,"N",0,"2020-10-19 12:38:00","Gladstone","Queensland",34703,1,17.4,4.3,87,23,0,0.6368,0.116597168147564,338
-36.6368,149.6801,389,"D","2020-01-04",404,"D",0,"2020-01-04 04:04:00","Tathra","New South Wales",1523,1,25,11.6,53,4,0,0.32,0.142821490764618,220
-16.1127,125.3253,320.2,"D","2020-05-03",500,"D",0,"2020-05-03 05:00:00",NA,NA,NA,1,27.4,6.9,19,0,0,0.3884,0.143049359321594,453
-14.29,130.1817,325,"D","2020-06-16",58,"D",0,"2020-06-16 00:58:00",NA,NA,NA,1,31.5,17.4,24,0,0,0.6237,0.103815130889416,226
-37.6506,148.5638,335.1,"D","2020-01-02",416,"D",0,"2020-01-02 04:16:00","Orbost","Victoria",2014,1,17.4,8.4,69,38,0,0.7481,0.133793398737907,105
-37.0536,148.263,385.6,"D","2020-01-04",404,"D",0,"2020-01-04 04:04:00","Orbost","Victoria",2014,1,14.9,11.9,82,100,0,0.2116,0.0983636826276779,900
-17.3416,127.0607,344.7,"D","2020-04-22",518,"D",0,"2020-04-22 05:18:00",NA,NA,NA,1,34.7,23.4,15,1,0,0.3009,0.0865462645888329,613
-36.7507,147.9981,479.5,"D","2020-01-04",404,"D",0,"2020-01-04 04:04:00","Jindabyne","New South Wales",2233,1,20,9.2,69,40,0,0.553,0.0738647058606148,1164
-35.2412,150.0198,307,"D","2020-09-15",322,"D",0,"2020-09-15 03:22:00","Mollymook","New South Wales",1083,1,16.2,7.1,62,9,0,0.5596,0.373777121305466,636
-32.6624,122.383,421.5,"D","2020-01-08",520,"D",0,"2020-01-08 05:20:00","Esperance","Western Australia",2080,1,30.9,22.4,40,33,0.3,0.4402,0.0975643619894981,312
-25.5782,150.9518,340.3,"D","2020-09-27",349,"D",0,"2020-09-27 03:49:00","Kingaroy","Queensland",10020,1,17.9,7.6,44,0,0,0.4851,0.168695449829102,291
-33.3295,147.9707,319.4,"D","2020-03-18",26,"D",0,"2020-03-18 00:26:00","Parkes","New South Wales",9832,1,27.1,6.6,31,62,0,0.4011,0.200051188468933,246
-12.8719,134.7554,321.5,"D","2020-07-01",442,"D",0,"2020-07-01 04:42:00",NA,NA,NA,1,28.5,16.9,45,95,0,0.5834,0.10515333712101,80
-14.0178,130.4795,337.7,"D","2020-07-10",146,"D",0,"2020-07-10 01:46:00","Palmerston","Northern Territory",33695,1,33.9,17.7,30,92,0,0.3953,0.0736659467220306,36
-16.4782,125.539,336,"D","2020-11-25",512,"D",0,"2020-11-25 05:12:00",NA,NA,NA,1,26.6,7.6,78,83,0,0.2248,0.195071429014206,417
-14.3644,126.1288,334.6,"D","2020-10-31",518,"D",0,"2020-10-31 05:18:00",NA,NA,NA,1,30.2,12.7,63,21,0,0.3369,0.0424871072173119,76
-36.692,147.8801,336.4,"D","2020-01-04",404,"D",0,"2020-01-04 04:04:00","Jindabyne","New South Wales",2233,1,20.6,12.6,67,48,0,0.57075,0.067553848028183,1119
-32.6578,122.2154,321.2,"N","2020-01-07",1402,"N",0,"2020-01-07 14:02:00","Esperance","Western Australia",2080,1,24.4,16.7,36,0,0,0.3132,0.102302432060242,313
-32.5515,116.6005,334.7,"D","2020-05-14",615,"D",0,"2020-05-14 06:15:00","Mandurah","Western Australia",90306,1,17.7,8.6,34,0,0,0.503,0.182636260986328,371
-17.5113,145.3188,330.9,"D","2020-07-16",357,"D",0,"2020-07-16 03:57:00","Mareeba","Queensland",8585,1,14.4,8.8,47,0,0,0.5761,0.311305642127991,822
-14.5376,142.7654,323.2,"D","2020-06-01",429,"D",0,"2020-06-01 04:29:00",NA,NA,NA,1,28.1,7.6,49,45,0,0.6351,0.202826842665672,159
-24.3984,151.6531,309.3,"D","2020-08-18",17,"D",0,"2020-08-18 00:17:00","Gladstone","Queensland",34703,1,26,12.2,31,0,0,0.6293,0.246437981724739,45
-17.2297,137.6385,342.5,"D","2020-11-24",428,"D",0,"2020-11-24 04:28:00",NA,NA,NA,1,34.8,17.3,30,3,0,0.3511,0.0625201836228371,223
-13.5743,133.8155,321.7,"D","2020-06-01",140,"D",0,"2020-06-01 01:40:00",NA,NA,NA,1,32.2,14.4,31,99,0,0.5417,0.130605965852737,281
-37.6744,148.7614,319.7,"N","2020-01-02",1520,"N",0,"2020-01-02 15:20:00","Orbost","Victoria",2014,1,14.2,6.6,83,8,0,0.7839,0.144508078694344,162
-21.4581,115.0077,314.4,"D","2020-12-31",201,"D",3,"2020-12-31 02:01:00",NA,NA,NA,1,29.2,22.2,81,3,0,-0.9999,0.0620826445519924,5
-17.6147,128.307,330.2,"D","2020-03-18",200,"D",0,"2020-03-18 02:00:00",NA,NA,NA,1,37.2,19.5,22,100,0,0.442,0.118742734193802,243
-24.2333,150.5038,313,"D","2020-07-11",53,"D",0,"2020-07-11 00:53:00","Gladstone","Queensland",34703,1,24.2,6.9,40,70,0,0.3258,0.22182285785675,233
-37.3734,148.915,313.8,"N","2020-01-13",1323,"N",0,"2020-01-13 13:23:00","Orbost","Victoria",2014,1,15.5,5.9,89,1,0,0.6953,0.111338868737221,353
-32.5466,116.0348,355.6,"D","2020-05-02",551,"D",0,"2020-05-02 05:51:00","Mandurah","Western Australia",90306,1,20.4,3.1,39,35,0,0.708,0.0488421842455864,274
-14.9328,144.8367,322.6,"D","2020-11-18",39,"D",0,"2020-11-18 00:39:00",NA,NA,NA,1,29.5,25.7,55,93,0,0.4156,0.0469323471188545,255
-16.3363,135.7503,334.9,"D","2020-09-15",505,"D",0,"2020-09-15 05:05:00",NA,NA,NA,1,27.5,23.9,52,28,0,0.2347,0.0376950912177563,144
-12.9421,131.353,339.3,"D","2020-07-18",57,"D",0,"2020-07-18 00:57:00","Palmerston","Northern Territory",33695,1,33,8.5,23,0,0,0.3485,0.147372215986252,15
-29.4761,148.3226,331.6,"D","2020-05-04",400,"D",0,"2020-05-04 04:00:00","Walgett","New South Wales",1377,1,13.6,7.7,60,0,0,0.4968,0.0912618935108185,149
-21.2558,145.2816,308,"N","2020-11-21",1321,"N",0,"2020-11-21 13:21:00","Charters Towers","Queensland",8040,1,22,15.9,66,0,0,0.2181,0.0358667075634003,370
-25.4163,149.1913,343,"D","2020-01-01",336,"D",0,"2020-01-01 03:36:00",NA,NA,NA,1,28.9,6.3,38,9,0,0.4654,0.0315339528024197,427
-16.2791,124.6929,341.6,"D","2020-11-03",548,"D",0,"2020-11-03 05:48:00",NA,NA,NA,1,31.6,14.9,42,20,0,0.2374,0.0490446984767914,157
-27.0233,149.4069,309.8,"D","2020-07-17",17,"D",0,"2020-07-17 00:17:00",NA,NA,NA,1,16.8,5.5,41,0,0,0.3394,0.206201359629631,251
-31.6252,115.7441,312.5,"D","2020-09-05",603,"D",0,"2020-09-05 06:03:00","Perth","Western Australia",2141834,1,16.9,11.2,79,32,0,0.5298,0.134876489639282,48
-19.5133,146.1686,302.4,"N","2020-08-30",1251,"N",0,"2020-08-30 12:51:00","Rasmussen","Queensland",4456,1,14.8,7.3,92,68,0,0.4234,0.115393102169037,406
-34.9935,150.0157,356.2,"D","2020-01-10",328,"D",0,"2020-01-10 03:28:00","Nowra","New South Wales",9193,1,33,8.7,28,82,0,0.523,0.123172886669636,559
-13.7998,135.6205,327.8,"D","2020-10-20",359,"D",0,"2020-10-20 03:59:00",NA,NA,NA,1,33.8,16.1,37,43,0,0.2664,0.0474226251244545,47
-14.2639,133.4545,330,"D","2020-09-12",435,"D",0,"2020-09-12 04:35:00",NA,NA,NA,1,31.7,15.6,19,0,0,0.4373,0.0437733344733715,239
-15.7819,132.0955,341.4,"D","2020-04-30",141,"D",0,"2020-04-30 01:41:00",NA,NA,NA,1,37.2,21.7,18,86,0,0.541,0.109073266386986,217
-13.5959,134.8817,334.9,"D","2020-07-22",500,"D",0,"2020-07-22 05:00:00",NA,NA,NA,1,25,15.8,34,0,0,0.4224,0.081142283976078,129
-17.0996,141.3937,394.7,"D","2020-11-17",422,"D",0,"2020-11-17 04:22:00",NA,NA,NA,1,30.9,14,51,1,0,0.2613,0.0646637082099915,18
-37.2291,149.1829,382.2,"N","2020-01-31",1311,"N",0,"2020-01-31 13:11:00","Eden","New South Wales",3151,1,21.6,6.6,54,83,0,0.8064,0.135336488485336,894
-37.4465,147.4653,315.9,"D","2020-02-05",404,"D",0,"2020-02-05 04:04:00","Paynesville","Victoria",3480,1,13.9,8.2,80,3,0,0.716,0.196695283055305,770
-31.8536,121.5312,398.8,"D","2020-01-01",514,"D",0,"2020-01-01 05:14:00","Boulder","Western Australia",4825,1,37.4,15.8,15,33,0,0.3791,0.0597584843635559,331
-32.8896,117.1922,301.2,"D","2020-06-25",235,"D",0,"2020-06-25 02:35:00","Mandurah","Western Australia",90306,1,15.8,17.3,45,8,0,0.449,0.244386747479439,404
-37.9217,143.1147,302.2,"D","2020-04-15",2356,"D",0,"2020-04-15 23:56:00","Camperdown","Victoria",2884,1,15.5,21.1,82,95,0,0.3754,0.256322294473648,197
-20.0005,122.7771,320.7,"D","2020-05-07",148,"D",0,"2020-05-07 01:48:00",NA,NA,NA,1,35,2.8,13,0,0,0.2467,0.0466683097183704,116
-36.9976,147.386,365.4,"D","2020-01-04",404,"D",0,"2020-01-04 04:04:00","Paynesville","Victoria",3480,1,16.6,9.2,75,2,0,0.54435,0.084232859313488,1317
-14.9145,145.0933,302.7,"N","2020-10-15",1305,"N",0,"2020-10-15 13:05:00",NA,NA,NA,1,22,18.1,81,18,0,0.6981,0.0429662764072418,54
-35.7239,147.7101,308,"D","2020-05-06",346,"D",0,"2020-05-06 03:46:00","Tumut","New South Wales",6230,1,11.1,5.2,85,98,0,0.4577,0.249747186899185,483
-15.0505,141.8974,338.6,"D","2020-09-05",429,"D",0,"2020-09-05 04:29:00",NA,NA,NA,1,32.7,7.2,19,0,0,0.369,0.101468607783318,14
-25.6353,152.0791,364.4,"D","2020-12-07",355,"D",0,"2020-12-07 03:55:00","Urraween","Queensland",6969,1,24.2,8.4,80,87,4.3,0.5808,0.0497165732085705,314
-32.6572,116.0032,326.3,"D","2020-10-18",544,"D",0,"2020-10-18 05:44:00","Mandurah","Western Australia",90306,1,21.9,12.6,61,0,0,0.6565,0.187637507915497,296
-29.8054,115.1293,337.4,"D","2020-12-18",234,"D",0,"2020-12-18 02:34:00","Drummond Cove","Western Australia",1477,1,34,29.5,24,2,0,0.3342,0.0482800342142582,36
-20.4132,139.5568,338.9,"D","2020-02-12",415,"D",0,"2020-02-12 04:15:00",NA,NA,NA,1,34.1,13.4,20,0,0,0.3176,0.22282175719738,370
-14.0232,129.8096,321.4,"D","2020-06-04",500,"D",0,"2020-06-04 05:00:00",NA,NA,NA,1,25.4,8,20,0,0,0.616,0.183475658297539,7
-36.3448,148.0488,300.8,"N","2020-01-17",1259,"N",0,"2020-01-17 12:59:00","Jindabyne","New South Wales",2233,1,16.8,8.6,76,34,0,0.7294,0.0973622724413872,367
-28.0802,153.0428,313.5,"D","2020-08-28",336,"D",0,"2020-08-28 03:36:00","Merrimac","New South Wales",7071,1,17,18.6,57,0,0,0.6777,0.196683675050735,106
-30.8625,116.4934,325.5,"D","2020-09-13",234,"D",0,"2020-09-13 02:34:00","Perth","Western Australia",2141834,1,23,14.7,30,0,0,0.5811,0.131341829895973,283
-13.8349,131.6396,326.4,"D","2020-07-26",146,"D",0,"2020-07-26 01:46:00","Palmerston","Northern Territory",33695,1,31.1,16.6,17,0,0,0.4961,0.0762626975774765,260
-26.2064,149.8286,343,"D","2020-09-16",407,"D",0,"2020-09-16 04:07:00",NA,NA,NA,1,21.5,5.7,42,28,0,0.3501,0.18739926815033,263
-20.6192,145.2215,336.5,"D","2020-04-02",403,"D",0,"2020-04-02 04:03:00","Charters Towers","Queensland",8040,1,27.9,6.9,40,8,0,0.366,0.0740170478820801,496
-23.1702,143.8786,331.5,"D","2020-05-27",408,"D",0,"2020-05-27 04:08:00",NA,NA,NA,1,18.6,9.2,45,5,0,0.148,0.154936671257019,211
-36.3712,148.2822,416.1,"D","2020-01-04",404,"D",0,"2020-01-04 04:04:00","Jindabyne","New South Wales",2233,1,22.4,8.7,41,27,0,0.5854,0.189777165651321,1655
-26.6311,150.3549,306.9,"D","2020-05-19",36,"D",0,"2020-05-19 00:36:00","Kingaroy","Queensland",10020,1,21.8,14.7,48,100,0,0.399,0.0941047370433807,330
-36.5311,144.698,307.3,"D","2020-04-16",411,"D",0,"2020-04-16 04:11:00","Kyabram","Victoria",7331,1,17.5,17.1,61,13,0,0.2635,0.26877373456955,163
-37.0482,149.3773,358.4,"D","2020-01-10",2355,"D",0,"2020-01-10 23:55:00","Eden","New South Wales",3151,1,14.2,18.7,56,94,0,0.6907,0.0990919545292854,828
-15.0954,144.7128,352.1,"D","2020-11-17",422,"D",0,"2020-11-17 04:22:00",NA,NA,NA,1,26.5,20.3,64,0,0,0.4046,0.141768917441368,81
-13.0361,130.5601,322.4,"D","2020-05-01",513,"D",0,"2020-05-01 05:13:00","Darwin","Northern Territory",139902,1,29.5,7.7,37,12,0,0.6044,0.252183377742767,16
-37.3239,149.0942,322.7,"D","2020-01-13",358,"D",0,"2020-01-13 03:58:00","Orbost","Victoria",2014,1,18.2,10.9,72,3,0,0.2786,0.0964739248156548,737
-18.5499,143.8033,334.6,"D","2020-01-02",421,"D",0,"2020-01-02 04:21:00",NA,NA,NA,1,33.3,12.7,21,88,0,0.5025,0.0639753714203835,707
-35.7698,141.3367,411.8,"D","2020-01-01",57,"D",0,"2020-01-01 00:57:00","Horsham","Victoria",15134,1,29.4,16.6,20,0,0,0.3132,0.0733642131090164,116
-14.024,136.4245,314.3,"N","2020-01-15",1317,"N",0,"2020-01-15 13:17:00",NA,NA,NA,1,28.5,11.3,85,2,0,0.4696,0.0451437421143055,15
-13.6279,131.9889,305.2,"N","2020-09-16",1336,"N",0,"2020-09-16 13:36:00","Palmerston","Northern Territory",33695,1,24.8,6.6,74,24,0,0.3118,0.0573211424052715,118
-12.5776,134.4489,339.2,"D","2020-06-17",430,"D",0,"2020-06-17 04:30:00",NA,NA,NA,1,29.8,19,47,64,0,0.5832,0.13380292057991,75
-36.4057,149.5717,325.5,"D","2020-01-11",410,"D",0,"2020-01-11 04:10:00","Tathra","New South Wales",1523,1,13.5,9,82,76,0,0.472,0.170271262526512,731
-14.8447,144.636,329,"D","2020-10-15",340,"D",0,"2020-10-15 03:40:00",NA,NA,NA,1,26,22.6,55,19,0,0.5332,0.0980788618326187,110
-26.1555,151.0027,339.5,"D","2020-01-31",349,"D",0,"2020-01-31 03:49:00","Kingaroy","Queensland",10020,1,29.2,13.7,42,6,0,0.3696,0.212012231349945,376
-14.8559,131.8247,343.2,"D","2020-09-21",429,"D",0,"2020-09-21 04:29:00",NA,NA,NA,1,36.8,2.9,31,31,0,0.2662,0.0653957203030586,121
-16.2448,127.2213,328.5,"D","2020-05-13",536,"D",0,"2020-05-13 05:36:00",NA,NA,NA,1,27.1,13,16,0,0,0.2734,0.0717604011297226,321
-14.5653,131.5201,366.4,"D","2020-07-26",435,"D",0,"2020-07-26 04:35:00",NA,NA,NA,1,26.5,9.7,22,0,0,0.4151,0.0945091769099236,171
-22.946,148.5184,305.6,"N","2020-03-16",1244,"N",0,"2020-03-16 12:44:00",NA,NA,NA,1,18.7,5.9,91,2,0,0.5495,0.175154238939285,196
-16.8033,122.7715,334,"D","2020-11-24",607,"D",0,"2020-11-24 06:07:00",NA,NA,NA,1,29.2,14.1,81,12,0,0.438,0.0393104627728462,46
-35.7006,149.8789,347.6,"D","2020-01-03",2349,"D",0,"2020-01-03 23:49:00","Surfside","New South Wales",1371,1,35.1,16,28,0,0,0.6424,0.123000361025333,450
-37.6805,148.871,316.5,"D","2020-01-09",422,"D",0,"2020-01-09 04:22:00","Orbost","Victoria",2014,1,21,21.3,72,0,0,0.6312,0.0620385892689228,111
-34.287,150.1484,319.2,"N","2020-01-04",1329,"N",0,"2020-01-04 13:29:00","Hill Top","New South Wales",2262,1,16.8,4.4,55,3,0,0.3893,0.0885918214917183,553
-37.3651,149.1205,336.3,"D","2020-01-03",2349,"D",0,"2020-01-03 23:49:00","Orbost","Victoria",2014,1,35.9,11.8,15,0,0,0.595,0.0790772810578346,585
-26.2782,149.1083,327.6,"N","2020-10-02",1505,"N",0,"2020-10-02 15:05:00",NA,NA,NA,1,15.6,13.6,81,0,0,0.4565,0.125480279326439,429
-31.6712,132.875,334.5,"N","2020-01-02",1343,"N",0,"2020-01-02 13:43:00",NA,NA,NA,1,30.8,29.5,10,31,0,0.3156,0.0487360060214996,46
-14.1975,132.0774,323.5,"D","2020-04-23",423,"D",0,"2020-04-23 04:23:00",NA,NA,NA,1,33.9,16.5,33,44,0,0.4638,0.188104391098022,141
-27.8518,114.2293,442.9,"D","2020-05-14",617,"D",0,"2020-05-14 06:17:00","Drummond Cove","Western Australia",1477,1,23,9.8,44,0,0,0.2889,0.0509862527251244,157
-17.3837,122.9252,329.7,"D","2020-03-30",512,"D",0,"2020-03-30 05:12:00",NA,NA,NA,1,34.5,7.5,41,33,0,0.449,0.122407808899879,94
-23.7769,118.5551,343,"D","2020-11-27",636,"D",0,"2020-11-27 06:36:00",NA,NA,NA,1,35,14.1,23,57,0,0.2071,0.0526881851255894,541
-34.7639,145.9333,323.9,"D","2020-02-27",2356,"D",0,"2020-02-27 23:56:00","Leeton","New South Wales",7437,1,18.8,18.3,50,20,0,0.2303,0.11818428337574,119
-12.9388,141.6755,308,"N","2020-04-24",1253,"N",2,"2020-04-24 12:53:00",NA,NA,NA,1,23.4,13.9,77,17,0,0.1553,0.255527675151825,48
-11.6481,130.6964,312.1,"D","2020-06-08",436,"D",0,"2020-06-08 04:36:00","Darwin","Northern Territory",139902,1,27.2,7.9,51,85,0,0.6895,0.216198801994324,92
-29.3728,148.2118,309.2,"D","2020-05-05",443,"D",0,"2020-05-05 04:43:00","Walgett","New South Wales",1377,1,14,9.2,65,0,0,0.456,0.1992007791996,149
-36.8651,144.294,322.6,"D","2020-11-09",51,"D",0,"2020-11-09 00:51:00","Bendigo","Victoria",103034,1,25.6,11.8,33,93,0,0.5074,0.240473091602325,324
-36.1903,149.4062,350.4,"D","2020-01-24",340,"D",0,"2020-01-24 03:40:00","Narooma","New South Wales",2605,1,15,18.4,90,99,0.1,0.5098,0.157320633530617,1057
-11.5484,131.3103,311.7,"D","2020-07-09",531,"D",0,"2020-07-09 05:31:00","Palmerston","Northern Territory",33695,1,23.9,3.7,65,90,0,0.7022,0.171724230051041,50
-16.7084,122.8364,328.3,"D","2020-06-16",524,"D",0,"2020-06-16 05:24:00",NA,NA,NA,1,29.1,6.7,44,10,0,0.5412,0.117047943174839,19
-13.3422,135.6931,332,"D","2020-11-07",57,"D",0,"2020-11-07 00:57:00",NA,NA,NA,1,34.5,17.5,42,35,0,0.3054,0.0482602119445801,62
-14.2282,131.8382,326.6,"D","2020-05-12",454,"D",0,"2020-05-12 04:54:00",NA,NA,NA,1,27.6,6.6,38,2,0,0.4908,0.139820411801338,112
-19.8282,123.9931,326.7,"D","2020-05-02",130,"D",0,"2020-05-02 01:30:00",NA,NA,NA,1,29.9,20.9,14,0,0,0.2182,0.057920765131712,196
-13.3508,133.6362,317.6,"D","2020-04-28",152,"D",0,"2020-04-28 01:52:00",NA,NA,NA,1,33.5,11.3,33,24,0,0.6765,0.164332658052444,353
-19.5722,123.7087,306.2,"N","2020-04-29",1448,"N",0,"2020-04-29 14:48:00",NA,NA,NA,1,24.8,23.4,23,77,0,0.2341,0.0642919763922691,127
-14.749,127.6232,323.2,"D","2020-07-09",531,"D",0,"2020-07-09 05:31:00",NA,NA,NA,1,25.7,8.5,25,0,0,0.2555,0.0656095370650291,131
-15.5812,141.912,333.9,"D","2020-05-31",346,"D",0,"2020-05-31 03:46:00",NA,NA,NA,1,28.3,7.2,42,1,0,0.474,0.182404235005379,20
-14.0185,141.8842,331.1,"D","2020-11-05",358,"D",0,"2020-11-05 03:58:00",NA,NA,NA,1,28.2,16.3,64,95,0,0.5083,0.0777930915355682,40
-14.3379,142.0149,359.8,"D","2020-11-16",51,"D",0,"2020-11-16 00:51:00",NA,NA,NA,1,39.5,16.4,19,84,0,0.5259,0.0664987787604332,49
-12.449,142.9281,334.1,"D","2020-10-31",50,"D",0,"2020-10-31 00:50:00",NA,NA,NA,1,32,15.7,44,64,0,0.5852,0.052293885499239,203
-25.3434,148.6317,331.9,"D","2020-11-28",401,"D",0,"2020-11-28 04:01:00",NA,NA,NA,1,25.9,11.7,35,0,0,0.3087,0.0543174259364605,502
-37.6495,147.5678,323.4,"N","2020-01-02",1341,"N",0,"2020-01-02 13:41:00","Paynesville","Victoria",3480,1,10.9,3.9,91,0,0,0.6042,0.0861773267388344,287
-26.0741,147.0324,316.7,"D","2020-06-25",54,"D",0,"2020-06-25 00:54:00",NA,NA,NA,1,16.3,11.9,45,82,0,0.2335,0.056394699960947,460
-37.3472,147.6005,308.6,"D","2020-01-02",2,"D",0,"2020-01-02 00:02:00","Paynesville","Victoria",3480,1,22.7,12.9,41,38,0,0.0812,0.0646699070930481,1028
-14.2893,132.2628,323.4,"D","2020-05-30",442,"D",0,"2020-05-30 04:42:00",NA,NA,NA,1,28.8,6.9,34,0,0,0.3525,0.122333861887455,221
-12.9354,130.3451,325.7,"D","2020-05-14",442,"D",0,"2020-05-14 04:42:00","Darwin","Northern Territory",139902,1,29.4,8.7,53,86,0,0.6253,0.384837925434113,4
-28.261,114.8102,334.3,"D","2020-04-07",558,"D",0,"2020-04-07 05:58:00","Drummond Cove","Western Australia",1477,1,25,17.9,56,1,0,0.193,0.0505487620830536,305
-32.5833,150.2018,329.1,"D","2020-01-01",335,"D",0,"2020-01-01 03:35:00","Denman","New South Wales",1547,1,30.7,11.2,25,62,0,0.5235,0.0395548865199089,665
-12.2832,135.6503,323,"D","2020-09-08",500,"D",0,"2020-09-08 05:00:00",NA,NA,NA,1,28.7,18.4,55,1,0,0.4639,0.164412021636963,24
-35.6129,148.5206,335.4,"D","2020-01-14",26,"D",0,"2020-01-14 00:26:00","Tumut","New South Wales",6230,1,25.4,4,28,99,0,0.6842,0.121368266642094,1253
-14.7533,142.8798,326.9,"D","2020-05-13",358,"D",0,"2020-05-13 03:58:00",NA,NA,NA,1,28.2,15.8,50,21,0,0.6231,0.251010954380035,175
-16.2202,130.1415,333.5,"D","2020-04-21",435,"D",0,"2020-04-21 04:35:00",NA,NA,NA,1,34.7,18.7,26,0,0,0.3947,0.144621461629868,264
-35.9107,148.0359,353.1,"D","2020-01-11",410,"D",0,"2020-01-11 04:10:00","Tumut","New South Wales",6230,1,21,9.4,33,64,0,0.3965,0.0718076080083847,714
-37.0871,148.0419,350.2,"D","2020-02-01",14,"D",0,"2020-02-01 00:14:00","Orbost","Victoria",2014,1,28.3,25.6,35,4,0,0.6775,0.143184825778008,1519
-15.8047,128.0434,341.8,"D","2020-03-21",518,"D",0,"2020-03-21 05:18:00",NA,NA,NA,1,31.4,12.7,37,0,0,0.4525,0.16480752825737,468
-25.4769,150.2359,333.4,"D","2020-11-02",324,"D",0,"2020-11-02 03:24:00",NA,NA,NA,1,24,6.4,53,0,0,0.3304,0.124147459864616,304
-37.4021,149.6167,347.1,"D","2020-01-04",404,"D",0,"2020-01-04 04:04:00","Eden","New South Wales",3151,1,18.8,22.6,56,22,0,0.58195,0.123065508902073,203
-14.3563,135.5326,334.6,"D","2020-06-24",435,"D",0,"2020-06-24 04:35:00",NA,NA,NA,1,22,9.4,61,0,0,0.5174,0.0845351666212082,31
-17.983,144.0322,356.5,"D","2020-01-12",33,"D",0,"2020-01-12 00:33:00","Mareeba","Queensland",8585,1,37.6,16.6,23,45,0,0.2923,0.0666322559118271,492
-13.7412,129.8554,328.1,"D","2020-07-02",525,"D",0,"2020-07-02 05:25:00","Darwin","Northern Territory",139902,1,24.8,10.3,73,96,0,0.4549,0.086408868432045,4
-30.1644,152.744,376,"D","2020-11-11",36,"D",0,"2020-11-11 00:36:00","Bellingen","New South Wales",3201,1,19.3,13,71,19,0,0.7212,0.185040146112442,671
-13.6956,133.7903,331.2,"D","2020-04-30",430,"D",0,"2020-04-30 04:30:00",NA,NA,NA,1,33.1,21.4,18,0,0,0.5911,0.161808863282204,267
-16.0053,145.117,324.8,"D","2020-01-02",422,"D",0,"2020-01-02 04:22:00","Mareeba","Queensland",8585,1,24.8,13.6,76,14,0,0.5716,0.14328733086586,243
-13.8197,127.2742,312.4,"D","2020-10-30",146,"D",3,"2020-10-30 01:46:00",NA,NA,NA,1,28.6,26.6,85,46,0,-0.9999,0,3
-26.169,149.5529,345.2,"D","2020-10-10",318,"D",0,"2020-10-10 03:18:00",NA,NA,NA,1,28.4,9.3,8,0,0,0.3393,0.169153302907944,281
-28.8095,152.4247,319.5,"D","2020-10-06",342,"D",0,"2020-10-06 03:42:00","Casino","New South Wales",9968,1,20.5,12.3,60,0,0,0.6604,0.145143002271652,264
-20.9675,119.7927,325.2,"D","2020-07-05",554,"D",0,"2020-07-05 05:54:00",NA,NA,NA,1,25.3,13.8,13,0,0,0.2208,0.0769681930541992,144
-13.891,136.4433,324.3,"D","2020-07-26",435,"D",0,"2020-07-26 04:35:00",NA,NA,NA,1,23,19.9,55,0,0,0.5743,0.0787492915987968,14
-28.3134,152.738,314.6,"D","2020-08-28",336,"D",0,"2020-08-28 03:36:00","Murwillumbah","New South Wales",7032,1,14.8,9.2,41,0,0,0.532,0.236857458949089,389
-37.4632,149.6331,302.5,"N","2020-01-01",1258,"N",0,"2020-01-01 12:58:00","Eden","New South Wales",3151,1,10.4,6.5,98,1,0,0.6457,0.126351222395897,103
-26.9916,151.7598,336.6,"D","2020-11-16",336,"D",0,"2020-11-16 03:36:00","Kingaroy","Queensland",10020,1,25.6,12.2,49,7,0,0.4728,0.132515713572502,585
-31.2249,121.1147,313.8,"N","2020-01-01",1439,"N",0,"2020-01-01 14:39:00","Boulder","Western Australia",4825,1,24.3,9.2,41,0,0,0.325,0.033536359667778,418
-17.0893,142.8498,329.1,"D","2020-10-12",446,"D",0,"2020-10-12 04:46:00",NA,NA,NA,1,34.3,6.7,23,25,0,0.2387,0.0870735123753548,120
-12.4291,131.8095,321.8,"D","2020-06-13",454,"D",0,"2020-06-13 04:54:00","Palmerston","Northern Territory",33695,1,28,7.6,58,0,0,0.5855,0.123098932206631,22
-12.2698,134.0239,330,"D","2020-10-21",442,"D",0,"2020-10-21 04:42:00",NA,NA,NA,1,29.2,13.7,57,9,0,0.451,0.0379972383379936,24
-14.3501,133.3398,324.4,"D","2020-07-20",512,"D",0,"2020-07-20 05:12:00",NA,NA,NA,1,25.1,7.3,24,0,0,0.4052,0.0712313055992126,256
-14.7314,144.6304,325.5,"D","2020-10-05",14,"D",0,"2020-10-05 00:14:00",NA,NA,NA,1,30.5,19.5,39,50,0,0.5945,0.108287088572979,105
-36.4015,141.3911,317.9,"D","2020-03-26",353,"D",0,"2020-03-26 03:53:00","Horsham","Victoria",15134,1,22.2,6.6,30,0,0,0.2261,0.0954437032341957,150
-13.2115,141.8874,320,"D","2020-10-08",334,"D",0,"2020-10-08 03:34:00",NA,NA,NA,1,31.8,2.9,29,97,0,0.5272,0.0526780262589455,34
-42.4363,146.4829,396.1,"D","2020-05-07",427,"D",0,"2020-05-07 04:27:00","New Norfolk","Tasmania",5432,1,11.4,12.6,74,84,0.3,0.9033,0.313860982656479,494
-17.6472,123.8832,324.3,"D","2020-05-14",154,"D",0,"2020-05-14 01:54:00",NA,NA,NA,1,32.8,18.3,9,0,0,0.5289,0.0787192434072495,99
-36.9592,149.4979,312.4,"N","2020-02-03",1520,"N",0,"2020-02-03 15:20:00","Merimbula","New South Wales",3544,1,8.1,10.4,75,3,0,0.7346,0.14795184135437,444
-26.7725,122.1299,307.3,"N","2020-11-07",1446,"N",0,"2020-11-07 14:46:00",NA,NA,NA,1,19.9,12.8,55,0,0,0.1599,0.0280901808291674,525
-35.8976,147.5575,351.3,"D","2020-01-01",334,"D",0,"2020-01-01 03:34:00","Albury","New South Wales",4804,1,24.5,5.4,28,0,0,0.6029,0.085741251707077,523
-16.2877,137.1714,346.6,"D","2020-11-01",422,"D",0,"2020-11-01 04:22:00",NA,NA,NA,1,30,12.8,36,0,0,0.3877,0.0779082030057907,20
-36.5744,147.8078,351.3,"D","2020-01-04",404,"D",0,"2020-01-04 04:04:00","Jindabyne","New South Wales",2233,1,23.3,20.6,57,18,0,0.5145,0.0655318051576614,949
-35.9938,148.3478,339.5,"N","2020-01-03",1246,"N",0,"2020-01-03 12:46:00","Jindabyne","New South Wales",2233,1,16.2,5.9,58,2,0,0.5953,0.200440600514412,1408
-35.9758,149.536,305.5,"N","2020-01-01",1258,"N",0,"2020-01-01 12:58:00","Narooma","New South Wales",2605,1,9.4,7,72,0,0,0.727,0.0563979670405388,1142
-12.8638,131.0695,320.7,"D","2020-06-06",448,"D",0,"2020-06-06 04:48:00","Palmerston","Northern Territory",33695,1,28.3,1.6,47,48,0,0.5807,0.205866366624832,71
-36.01,149.5014,369,"D","2020-01-04",404,"D",0,"2020-01-04 04:04:00","Narooma","New South Wales",2605,1,18.7,7.4,58,43,0,0.50965,0.0586568787693977,1231
-22.402,147.7994,343.5,"D","2020-11-30",350,"D",0,"2020-11-30 03:50:00",NA,NA,NA,1,34.3,22,16,0,0,0.1681,0.165413111448288,336
-11.6939,130.6702,339.9,"D","2020-09-08",501,"D",0,"2020-09-08 05:01:00","Darwin","Northern Territory",139902,1,29.9,8.4,45,0,0,0.5863,0.103552132844925,37
-32.23,121.3524,319.9,"N","2020-01-01",1438,"N",0,"2020-01-01 14:38:00","Boulder","Western Australia",4825,1,17.1,10.9,84,0,0,0.3497,0.0374610833823681,363
-26.6311,146.9853,310.8,"D","2020-06-01",425,"D",0,"2020-06-01 04:25:00",NA,NA,NA,1,14.8,10.5,48,0,0,0.3158,0.0829588547348976,429
-13.3115,131.8002,309.5,"N","2020-07-12",1348,"N",0,"2020-07-12 13:48:00","Palmerston","Northern Territory",33695,1,22.1,14.7,34,0,0,0.4473,0.0924179255962372,112
-30.057,115.509,316,"D","2020-04-29",659,"D",0,"2020-04-29 06:59:00",NA,NA,NA,1,16.4,17.9,37,0,0,0.2425,0.0711964592337608,348
-37.2171,147.9649,316.7,"D","2020-01-13",358,"D",0,"2020-01-13 03:58:00","Orbost","Victoria",2014,1,17.6,6.8,66,8,0,0.7317,0.0918352976441383,1008
-13.3762,134.4048,330.8,"D","2020-07-05",128,"D",0,"2020-07-05 01:28:00",NA,NA,NA,1,28.8,19.2,35,1,0,0.5772,0.09909588098526,158
-13.6766,132.0524,310.9,"D","2020-08-03",57,"D",0,"2020-08-03 00:57:00","Palmerston","Northern Territory",33695,1,30.7,4.3,32,100,0,0.352,0.080981433391571,199
-11.3121,131.3105,330.6,"D","2020-07-31",455,"D",0,"2020-07-31 04:55:00","Palmerston","Northern Territory",33695,1,24.6,14.8,68,91,0,0.6487,0.140099495649338,29
-37.3756,148.2237,319.2,"N","2020-01-03",1246,"N",0,"2020-01-03 12:46:00","Orbost","Victoria",2014,1,17,13.5,59,64,0,0.71595,0.0718962103128433,484
-17.0351,122.4132,329,"D","2020-09-23",555,"D",0,"2020-09-23 05:55:00",NA,NA,NA,1,29.1,9.6,60,0,0,0.4434,0.0435509234666824,20
-15.1841,144.4484,322.9,"D","2020-05-27",410,"D",0,"2020-05-27 04:10:00",NA,NA,NA,1,23.1,17.9,62,14,0,0.4723,0.21401458978653,51
-25.8979,149.2029,329.9,"D","2020-11-12",401,"D",0,"2020-11-12 04:01:00",NA,NA,NA,1,27,14.6,26,94,0,0.552,0.185422316193581,372
-35.5466,149.0467,343.1,"D","2020-02-01",14,"D",0,"2020-02-01 00:14:00","Canberra","Australian Capital Territory",381488,1,32.2,18.1,31,33,0,0.4776,0.111409731209278,1237
-36.984,147.3365,324.2,"D","2020-01-01",333,"D",0,"2020-01-01 03:33:00","Albury","New South Wales",4804,1,14.6,11.5,64,0,0,0.69,0.0864526927471161,1485
-17.6488,142.3542,332,"D","2020-11-22",15,"D",0,"2020-11-22 00:15:00",NA,NA,NA,1,38.8,11.6,15,96,0,0.2195,0.0995911508798599,99
-15.1514,144.9545,357.8,"D","2020-11-05",358,"D",0,"2020-11-05 03:58:00",NA,NA,NA,1,24.2,19.1,73,87,0,0.5827,0.0502357147634029,240
-32.6153,150.2247,363.6,"D","2020-01-02",0,"D",0,"2020-01-02","Denman","New South Wales",1547,1,31,9.5,36,51,0,0.5708,0.040592759847641,858
-13.0481,142.9177,340.4,"D","2020-12-04",38,"D",0,"2020-12-04 00:38:00",NA,NA,NA,1,30.5,21.7,59,39,0.2,0.6385,0.101083472371101,121
-24.8629,153.2391,336.6,"D","2020-11-16",337,"D",0,"2020-11-16 03:37:00","Point Vernon","Queensland",5699,1,24.1,10,78,51,0,0.6474,0.0701652988791466,16
-13.52,141.9218,354.5,"D","2020-07-28",423,"D",0,"2020-07-28 04:23:00",NA,NA,NA,1,29.6,9.8,36,4,0,0.6085,0.161267384886742,55
-16.8915,143.3146,343.7,"D","2020-11-07",58,"D",0,"2020-11-07 00:58:00",NA,NA,NA,1,38.8,7.9,20,24,0,0.2823,0.0716726779937744,165
-39.8972,148.1053,334.6,"N","2020-01-01",1257,"N",0,"2020-01-01 12:57:00",NA,NA,NA,1,15.2,17.8,83,25,0,0.6501,0.0878720283508301,5
-14.221,126.7287,334.5,"D","2020-10-26",500,"D",0,"2020-10-26 05:00:00",NA,NA,NA,1,31.3,14.9,56,29,0,0.2496,0.0389322638511658,28
-37.1129,148.0949,452.6,"D","2020-01-04",404,"D",0,"2020-01-04 04:04:00","Orbost","Victoria",2014,1,13.2,10,89,100,0,0.6322,0.0763903558254242,1171
-14.1207,142.4647,335.8,"D","2020-12-03",423,"D",0,"2020-12-03 04:23:00",NA,NA,NA,1,29.8,16.2,57,2,0,0.5035,0.0672628283500671,139
-18.8823,143.7876,338.7,"D","2020-01-04",409,"D",0,"2020-01-04 04:09:00",NA,NA,NA,1,27.9,17.7,56,26,0,0.42955,0.05025415122509,696
-23.3693,149.5534,338.3,"D","2020-11-05",355,"D",0,"2020-11-05 03:55:00","Gladstone","Queensland",34703,1,28,23.3,48,19,0,0.4754,0.226578921079636,75
-35.7024,142.7892,307.9,"D","2020-05-17",51,"D",0,"2020-05-17 00:51:00","Swan Hill","Victoria",9864,1,17.6,7.2,43,0,0,0.4122,0.159783780574799,90
-15.3764,133.0202,323.8,"D","2020-12-02",52,"D",0,"2020-12-02 00:52:00",NA,NA,NA,1,38.7,10.5,28,61,0,0.293,0.0566588863730431,176
-15.5787,131.9799,327,"D","2020-08-22",129,"D",0,"2020-08-22 01:29:00",NA,NA,NA,1,35.8,10.8,19,0,0,0.2991,0.0758221074938774,219
-11.2363,132.3247,322.4,"D","2020-11-06",152,"D",0,"2020-11-06 01:52:00",NA,NA,NA,1,31.4,8.9,53,20,0,0.5435,0.104971148073673,55
-37.9267,142.8475,409.7,"D","2020-03-16",453,"D",0,"2020-03-16 04:53:00","Camperdown","Victoria",2884,1,20,4.6,46,23,0,0.5338,0.196301907300949,180
-12.369,131.1126,324.8,"D","2020-07-29",507,"D",0,"2020-07-29 05:07:00","Palmerston","Northern Territory",33695,1,27.5,4.8,18,64,0,0.4562,0.128513842821121,16
-14.1449,136.5252,321.5,"D","2020-08-19",57,"D",0,"2020-08-19 00:57:00",NA,NA,NA,1,31.5,5.4,41,74,0,0.5826,0.0651872530579567,18
-15.3325,144.9226,322.6,"D","2020-10-13",103,"D",0,"2020-10-13 01:03:00",NA,NA,NA,1,29.8,24,45,4,0,0.5486,0.0452763885259628,237
-41.3791,147.0489,308.4,"D","2020-10-14",428,"D",0,"2020-10-14 04:28:00","Legana","Tasmania",4029,1,12.1,11.1,63,99,0,0.6135,0.309684276580811,84
-30.6178,150.5929,309.8,"D","2020-09-27",348,"D",0,"2020-09-27 03:48:00","Manilla","New South Wales",2014,1,12,7.7,50,1,0,0.7874,0.202589273452759,526
-11.2362,131.8933,322,"D","2020-07-04",513,"D",0,"2020-07-04 05:13:00","Palmerston","Northern Territory",33695,1,27.4,9.5,54,1,0,0.6704,0.158965900540352,24
-14.1529,130.0532,318,"N","2020-05-16",1658,"N",0,"2020-05-16 16:58:00",NA,NA,NA,1,25.2,12.7,58,1,0,0.4712,0.150623559951782,9
-34.8281,150.3313,337.2,"N","2020-01-01",1259,"N",0,"2020-01-01 12:59:00","Bomaderry","New South Wales",6661,1,16.5,3.9,84,100,0,0.6503,0.0418103039264679,253
-22.9201,119.5859,333.3,"D","2020-08-28",232,"D",0,"2020-08-28 02:32:00",NA,NA,NA,1,34,8.4,10,0,0,0.1804,0.0383550301194191,467
-29.7414,115.0735,360.2,"D","2020-12-11",646,"D",0,"2020-12-11 06:46:00","Drummond Cove","Western Australia",1477,1,26,18,59,13,0,0.3919,0.0718782469630241,79
-16.4308,144.8622,338.8,"D","2020-12-13",33,"D",0,"2020-12-13 00:33:00","Mareeba","Queensland",8585,1,28.9,10.9,39,100,0,0.304,0.0888499021530151,483
-35.8856,147.5115,322.7,"N","2020-01-03",1246,"N",0,"2020-01-03 12:46:00","Albury","New South Wales",4804,1,15.6,4.2,59,0,0,0.5009,0.0624694153666496,674
-15.6407,143.0243,323,"D","2020-05-11",410,"D",0,"2020-05-11 04:10:00",NA,NA,NA,1,31.3,10.9,32,55,0,0.5649,0.142320841550827,100
-25.6445,150.5668,307.2,"N","2020-10-30",1219,"N",0,"2020-10-30 12:19:00","Kingaroy","Queensland",10020,1,20.1,11.4,77,12,0,0.327,0.172577321529388,339
-36.259,149.5543,403,"D","2020-01-04",404,"D",0,"2020-01-04 04:04:00","Narooma","New South Wales",2605,1,23.9,4.8,52,55,0,0.5255,0.0537356585264206,798
-29.2318,128.6003,336.8,"D","2020-11-10",551,"D",0,"2020-11-10 05:51:00",NA,NA,NA,1,25.4,26.7,15,0,0,0.2242,0.0387795977294445,224
-28.1454,148.2169,320.1,"D","2020-04-14",6,"D",0,"2020-04-14 00:06:00",NA,NA,NA,1,29,6.1,34,16,0,0.3748,0.10857167840004,203
-16.3435,136.6343,334.1,"D","2020-07-14",122,"D",0,"2020-07-14 01:22:00",NA,NA,NA,1,28,11.4,17,99,0,0.2895,0.0448314771056175,47
-37.1955,149.1105,332.7,"D","2020-01-30",26,"D",0,"2020-01-30 00:26:00","Eden","New South Wales",3151,1,35.7,7.6,17,0,0,0.7601,0.132444843649864,676
-37.071,148.0676,497.6,"D","2020-01-04",404,"D",0,"2020-01-04 04:04:00","Orbost","Victoria",2014,1,14.5,10.8,89,100,0,0.466,0.0647481605410576,1018
-16.3375,137.6499,319.9,"D","2020-06-14",358,"D",0,"2020-06-14 03:58:00",NA,NA,NA,1,26.4,11.6,55,6,0,0.5326,0.235660433769226,9
-36.8748,149.5643,385.2,"D","2020-02-01",429,"D",0,"2020-02-01 04:29:00","Merimbula","New South Wales",3544,1,31.6,5.4,42,30,0,0.6697,0.180858418345451,603
-13.066,131.1055,320.1,"D","2020-07-08",448,"D",0,"2020-07-08 04:48:00","Palmerston","Northern Territory",33695,1,25.7,6.3,43,0,0,0.4336,0.160275265574455,64
-16.6438,126.3978,325.7,"D","2020-04-23",601,"D",0,"2020-04-23 06:01:00",NA,NA,NA,1,33,15.6,18,0,0,0.394,0.145785629749298,479
-11.2217,132.0345,313.2,"D","2020-07-15",204,"D",0,"2020-07-15 02:04:00","Palmerston","Northern Territory",33695,1,29.4,21.7,52,86,0,0.6081,0.15844252705574,35
-18.8587,143.7588,309.3,"N","2020-01-03",1251,"N",0,"2020-01-03 12:51:00",NA,NA,NA,1,22.6,21.3,78,94,0,0.3737,0.0507352538406849,638
-16.6099,136.9042,325,"D","2020-07-06",459,"D",0,"2020-07-06 04:59:00",NA,NA,NA,1,23.5,9.8,23,0,0,0.4075,0.0882891416549683,103
-15.1958,131.2031,339,"D","2020-06-08",435,"D",0,"2020-06-08 04:35:00",NA,NA,NA,1,28.1,10.6,27,87,0,0.3409,0.105040512979031,252
-17.6221,126.0683,341.7,"D","2020-03-14",512,"D",0,"2020-03-14 05:12:00",NA,NA,NA,1,38.2,9.5,16,1,0,0.2896,0.207588136196136,432
-37.4055,149.594,452.9,"D","2020-01-04",404,"D",0,"2020-01-04 04:04:00","Eden","New South Wales",3151,1,18.8,22.6,56,22,0,0.5342,0.123065508902073,158
-25.5452,150.3658,332.7,"D","2020-12-02",337,"D",0,"2020-12-02 03:37:00",NA,NA,NA,1,31,17.8,48,11,0,0.4769,0.136161774396896,375
-32.4051,123.0491,305.2,"N","2020-01-06",1633,"N",0,"2020-01-06 16:33:00",NA,NA,NA,1,22.6,16.6,38,0,0,0.2746,0.0746238976716995,227
-35.7396,148.9049,326.2,"N","2020-02-03",1519,"N",0,"2020-02-03 15:19:00","Canberra","Australian Capital Territory",381488,1,2.2,7.7,88,4,0,0.5831,0.158082991838455,1439
-37.8204,145.3037,323.9,"D","2020-12-12",410,"D",2,"2020-12-12 04:10:00","Mount Evelyn","Victoria",9702,1,20.5,10.5,66,100,0,0.2163,0.236025810241699,116
-33.7362,140.4002,342,"D","2020-11-16",513,"D",0,"2020-11-16 05:13:00","Barmera","South Australia",1895,1,21.5,27.9,28,0,0,0.2799,0.074570469558239,56
-30.8597,151.0317,332,"N","2020-01-04",1506,"N",0,"2020-01-04 15:06:00","Manilla","New South Wales",2014,1,26,7.2,40,0,0,0.3647,0.0427294820547104,711
-35.9408,148.3322,369.1,"D","2020-01-02",417,"D",0,"2020-01-02 04:17:00","Jindabyne","New South Wales",2233,1,20.3,4,37,0,0,0.731,0.119599416851997,1427
-36.0402,149.3559,339.8,"D","2020-01-31",346,"D",0,"2020-01-31 03:46:00","Narooma","New South Wales",2605,1,29.3,7.9,44,11,0,0.3911,0.128345519304276,957
-15.7127,126.746,344.2,"D","2020-05-10",506,"D",0,"2020-05-10 05:06:00",NA,NA,NA,1,31,20.6,19,0,0,0.3133,0.101765006780624,400
-13.5375,131.8093,332.3,"D","2020-09-08",211,"D",0,"2020-09-08 02:11:00","Palmerston","Northern Territory",33695,1,37.1,15.2,13,0,0,0.4296,0.0593835189938545,136
-33.003,137.5905,304.2,"D","2020-07-15",449,"D",2,"2020-07-15 04:49:00","Whyalla","South Australia",21501,1,11.6,9,65,0,0,0.2123,0.0566674657166004,12
-15.2969,135.4133,321.3,"D","2020-07-22",500,"D",0,"2020-07-22 05:00:00",NA,NA,NA,1,24.1,13.8,40,0,0,0.3167,0.0560818314552307,27
-13.2527,133.8625,322,"D","2020-06-02",512,"D",0,"2020-06-02 05:12:00",NA,NA,NA,1,25.1,18.6,38,0,0,0.5522,0.130628764629364,328
-15.315,142.1819,342.5,"D","2020-10-02",410,"D",0,"2020-10-02 04:10:00",NA,NA,NA,1,34,20.9,24,1,0,0.348,0.0663571506738663,27
-29.2335,128.4672,342,"D","2020-11-10",132,"D",0,"2020-11-10 01:32:00",NA,NA,NA,1,33,33.3,18,1,0,0.226,0.0392093323171139,254
-20.7321,139.4764,314.1,"D","2020-06-20",35,"D",2,"2020-06-20 00:35:00",NA,NA,NA,1,26.3,15.5,28,1,0,0.0892,0.0743438601493835,361
-37.053,149.4859,385.1,"D","2020-02-01",429,"D",0,"2020-02-01 04:29:00","Eden","New South Wales",3151,1,30.5,11.6,48,14,0,0.6453,0.142148613929749,453
-18.1657,144.0566,316.4,"N","2020-01-01",1303,"N",0,"2020-01-01 13:03:00",NA,NA,NA,1,25.5,7.6,51,2,0,0.3232,0.0619331933557987,389
-32.8544,118.4465,317.5,"D","2020-04-16",551,"D",0,"2020-04-16 05:51:00",NA,NA,NA,1,17.7,10.9,39,0,0,0.1973,0.06607935577631,308
-32.6103,122.2216,343.5,"D","2020-01-07",158,"D",0,"2020-01-07 01:58:00","Esperance","Western Australia",2080,1,38.9,9.1,9,0,0,0.4132,0.102302432060242,314
-13.8004,132.0107,302.4,"N","2020-08-01",1628,"N",0,"2020-08-01 16:28:00","Palmerston","Northern Territory",33695,1,16.1,7.7,67,13,0,0.3546,0.0720270276069641,190
-16.3951,144.8544,346.7,"D","2020-12-13",33,"D",0,"2020-12-13 00:33:00","Mareeba","Queensland",8585,1,26.4,12.1,46,100,0,0.376,0.104780972003937,667
-31.1196,116.3558,327,"D","2020-04-23",557,"D",0,"2020-04-23 05:57:00","Perth","Western Australia",2141834,1,20.8,6.3,52,1,0,0.2479,0.108968570828438,262
-32.4525,123.1505,307.2,"N","2020-01-06",1633,"N",0,"2020-01-06 16:33:00",NA,NA,NA,1,22.6,15.6,38,0,0,0.3632,0.0962795093655586,239
-35.9593,150.0476,332.7,"D","2020-01-25",8,"D",0,"2020-01-25 00:08:00","Narooma","New South Wales",2605,1,25.2,20.4,71,23,0,0.5613,0.179274708032608,68
-13.7801,131.5963,317.4,"D","2020-07-28",134,"D",0,"2020-07-28 01:34:00","Palmerston","Northern Territory",33695,1,30,17.4,12,19,0,0.5066,0.0757616832852364,228
-37.0245,149.4169,339.9,"D","2020-01-26",2356,"D",0,"2020-01-26 23:56:00","Eden","New South Wales",3151,1,22.5,5.4,60,0,0,0.3788,0.149392649531364,674
-37.1148,149.5579,432.4,"N","2020-01-04",1507,"N",0,"2020-01-04 15:07:00","Eden","New South Wales",3151,1,13.1,13.5,70,53,0,0.45985,0.0693712756037712,374
-24.8949,151.3182,309.8,"D","2020-06-25",337,"D",0,"2020-06-25 03:37:00","Bargara","Queensland",8883,1,12.6,10.4,54,0,0,0.5824,0.241553455591202,430
-36.1217,149.3613,343.4,"D","2020-01-13",358,"D",0,"2020-01-13 03:58:00","Narooma","New South Wales",2605,1,16.1,18.4,80,6,0,0.2975,0.136887922883034,997
-36.8894,149.4778,328.9,"D","2020-01-26",2356,"D",0,"2020-01-26 23:56:00","Merimbula","New South Wales",3544,1,20.6,8.7,69,6,0,0.6474,0.153940409421921,556
-41.8548,147.233,334.8,"D","2020-03-12",339,"D",0,"2020-03-12 03:39:00","Longford","Tasmania",3711,1,21,16.5,62,87,0,0.4713,0.186082690954208,165
-37.4008,149.499,426,"D","2020-01-04",404,"D",0,"2020-01-04 04:04:00","Eden","New South Wales",3151,1,18.1,24.4,57,18,0,0.47065,0.119607537984848,122
-26.9943,151.9691,304.8,"D","2020-06-16",342,"D",0,"2020-06-16 03:42:00","Kingaroy","Queensland",10020,1,15.1,10.7,90,24,0,0.7821,0.0659612119197845,534
-20.3049,124.2807,322.9,"D","2020-05-05",201,"D",0,"2020-05-05 02:01:00",NA,NA,NA,1,31.4,12.4,13,73,0,0.2034,0.0455117039382458,299
-37.3879,149.8824,333.6,"N","2020-01-04",1329,"N",0,"2020-01-04 13:29:00","Eden","New South Wales",3151,1,12.9,14.8,76,51,0,0.5861,0.150456875562668,426
-25.5537,147.9765,336.7,"D","2020-11-05",355,"D",0,"2020-11-05 03:55:00",NA,NA,NA,1,26.5,14,34,0,0,0.4463,0.0690683946013451,516
-12.3672,142.8867,332.9,"D","2020-10-25",417,"D",0,"2020-10-25 04:17:00",NA,NA,NA,1,26.9,10.9,73,79,0,0.689,0.0541808232665062,110
-25.5236,130.1056,315.8,"D","2020-07-14",546,"D",0,"2020-07-14 05:46:00",NA,NA,NA,1,12.8,7.7,25,0,0,0.1933,0.0380259528756142,670
-31.3116,151.3481,354.8,"D","2020-09-18",353,"D",0,"2020-09-18 03:53:00","Quirindi","New South Wales",2602,1,12.1,12,90,76,0,0.5373,0.237368613481522,1147
-22.0532,145.8277,326.2,"D","2020-10-28",445,"D",0,"2020-10-28 04:45:00",NA,NA,NA,1,23.2,11.5,23,0,0,0.2347,0.0986957997083664,328
-25.1211,153.2852,328.1,"D","2020-11-04",2334,"D",0,"2020-11-04 23:34:00","Scarness","Queensland",3519,1,25,19.6,64,22,0,0.6319,0.075301468372345,74
-12.311,133.2274,306,"D","2020-05-24",51,"D",0,"2020-05-24 00:51:00",NA,NA,NA,1,27.2,14.8,31,81,0,0.4804,0.147694155573845,167
-15.7364,144.4039,310,"D","2020-07-09",104,"D",0,"2020-07-09 01:04:00","Mareeba","Queensland",8585,1,28.5,22.6,40,1,0,0.5677,0.132961869239807,246
-14.4801,129.775,327.3,"N","2020-06-03",1646,"N",0,"2020-06-03 16:46:00",NA,NA,NA,1,17,14.8,30,0,0,0.5249,0.0960931852459908,13
-17.7275,138.5317,320.2,"D","2020-07-15",453,"D",0,"2020-07-15 04:53:00",NA,NA,NA,1,24,14,15,26,0,0.3543,0.0547232888638973,69
-26.88,149.3485,338.3,"D","2020-05-07",11,"D",0,"2020-05-07 00:11:00",NA,NA,NA,1,24.7,9.4,39,87,0,0.3747,0.203135773539543,290
-37.3242,149.7218,305.2,"N","2020-01-12",1556,"N",0,"2020-01-12 15:56:00","Eden","New South Wales",3151,1,16.5,11.9,64,0,0,0.5513,0.144022285938263,190
-11.7457,142.297,342,"D","2020-10-27",405,"D",0,"2020-10-27 04:05:00","Thursday Island","Queensland",2805,1,30.6,15.8,56,21,0,0.4609,0.101260393857956,23
-15.2524,127.8885,323.8,"D","2020-07-11",518,"D",0,"2020-07-11 05:18:00",NA,NA,NA,1,30.6,12.1,26,79,0,0.2668,0.0443777218461037,148
-27.3188,152.9768,325.2,"D","2020-02-18",336,"D",2,"2020-02-18 03:36:00","Brisbane","Queensland",2360241,1,26,7.1,87,33,0,0.2927,0.342618823051453,17
-21.2305,145.5617,312.3,"N","2020-11-17",1515,"N",0,"2020-11-17 15:15:00","Charters Towers","Queensland",8040,1,22.1,13.2,71,0,0,0.2725,0.076367974281311,363
-35.8743,149.7047,325.4,"D","2020-01-29",358,"D",0,"2020-01-29 03:58:00","Batehaven","New South Wales",1776,1,17.3,4.8,82,83,0,0.5961,0.183186143636703,702
-37.5501,149.215,312.1,"N","2020-01-04",1507,"N",0,"2020-01-04 15:07:00","Orbost","Victoria",2014,1,15,10,73,98,0,0.38185,0.122717037796974,83
-12.3181,134.0531,341.6,"D","2020-07-01",442,"D",0,"2020-07-01 04:42:00",NA,NA,NA,1,26.5,12.9,59,92,0,0.5649,0.103999704122543,37
-12.4013,134.3755,325,"D","2020-07-01",442,"D",0,"2020-07-01 04:42:00",NA,NA,NA,1,29,8,42,92,0,0.5142,0.10703743994236,44
-37.2104,149.9139,330.9,"D","2020-01-11",410,"D",0,"2020-01-11 04:10:00","Eden","New South Wales",3151,1,16.5,18.1,60,81,0,-0.0028,0.177101477980614,65
-13.0887,133.205,332,"D","2020-11-11",500,"D",0,"2020-11-11 05:00:00",NA,NA,NA,1,33.3,15.8,36,12,0,0.5133,0.0498884916305542,327
-24.9107,147.7879,304.7,"N","2020-10-21",1535,"N",0,"2020-10-21 15:35:00",NA,NA,NA,1,16.4,19.8,93,31,0,0.357,0.0601655803620815,747
-12.1933,132.6695,322.1,"D","2020-07-04",513,"D",0,"2020-07-04 05:13:00","Palmerston","Northern Territory",33695,1,30.2,21.8,30,22,0,0.5791,0.279969185590744,26
-13.1841,142.0544,326.5,"D","2020-07-27",51,"D",0,"2020-07-27 00:51:00",NA,NA,NA,1,32.8,9.8,37,98,0,0.5705,0.146713227033615,30
-35.8332,149.0184,354.1,"D","2020-02-01",429,"D",0,"2020-02-01 04:29:00","Canberra","Australian Capital Territory",381488,1,26.1,8.2,42,22,0,0.4817,0.132852628827095,1400
-12.9314,142.5807,325,"D","2020-07-27",51,"D",0,"2020-07-27 00:51:00",NA,NA,NA,1,32.9,14.9,36,99,0,0.5546,0.21935547888279,109
-15.1924,142.3655,314,"D","2020-07-09",103,"D",0,"2020-07-09 01:03:00",NA,NA,NA,1,32.8,18.4,30,0,0,0.5255,0.126781463623047,54
-13.1029,134.4132,335.5,"D","2020-05-30",442,"D",0,"2020-05-30 04:42:00",NA,NA,NA,1,28.3,9.2,39,0,0,0.6051,0.135552391409874,214
-13.7847,132.054,328.1,"D","2020-04-26",454,"D",0,"2020-04-26 04:54:00","Palmerston","Northern Territory",33695,1,31.7,9.3,34,10,0,0.4079,0.180318623781204,203
-28.6624,152.5388,313.7,"D","2020-08-28",336,"D",0,"2020-08-28 03:36:00","Casino","New South Wales",9968,1,15.1,5.3,51,0,0,0.5604,0.229908734560013,336
-35.8644,149.722,321.8,"D","2020-01-30",26,"D",0,"2020-01-30 00:26:00","Batehaven","New South Wales",1776,1,33.6,17.1,40,0,0,0.586,0.182374894618988,295
-32.3779,123.5595,345.3,"D","2020-01-02",139,"D",0,"2020-01-02 01:39:00",NA,NA,NA,1,39.6,35.1,17,0,0,0.3769,0.101418606936932,185
-34.8076,150.089,328.5,"D","2020-01-27",411,"D",0,"2020-01-27 04:11:00","Moss Vale","New South Wales",8579,1,24.9,7.2,80,1,0,0.4994,0.0887612849473953,637
-12.5023,142.889,308.6,"N","2020-10-28",1538,"N",0,"2020-10-28 15:38:00",NA,NA,NA,1,23.3,3.9,97,70,0,0.6229,0.0501727499067783,181
-16.7216,143.191,310.1,"N","2020-11-04",1545,"N",0,"2020-11-04 15:45:00",NA,NA,NA,1,25,12,59,72,0,0.3073,0.0740252435207367,135
-31.8317,121.5478,346.5,"D","2020-01-01",234,"D",0,"2020-01-01 02:34:00","Boulder","Western Australia",4825,1,38.4,10.4,13,36,0,0.3541,0.0597584843635559,348
-14.2545,126.3911,331.3,"D","2020-06-11",506,"D",0,"2020-06-11 05:06:00",NA,NA,NA,1,28,19.2,55,0,0,0.2646,0.112812928855419,59
-14.4847,132.6438,324.6,"D","2020-07-01",441,"D",0,"2020-07-01 04:41:00",NA,NA,NA,1,25.1,7.5,43,92,0,0.4201,0.087967611849308,208
-24.9268,150.2898,351,"D","2020-11-02",324,"D",0,"2020-11-02 03:24:00","Gladstone","Queensland",34703,1,27.6,5.4,39,37,0,0.3953,0.173862457275391,270
-12.501,131.8858,314.7,"D","2020-06-10",424,"D",0,"2020-06-10 04:24:00","Palmerston","Northern Territory",33695,1,30.7,4.9,51,56,0,0.6491,0.205036789178848,47
-14.1819,130.933,324.7,"D","2020-05-30",442,"D",0,"2020-05-30 04:42:00","Palmerston","Northern Territory",33695,1,27.8,6.8,54,0,0,0.526,0.128762617707253,65
-35.6831,149.0036,316.9,"N","2020-01-31",1449,"N",0,"2020-01-31 14:49:00","Canberra","Australian Capital Territory",381488,1,22.2,3.9,60,4,0,0.3903,0.166941523551941,934
-32.5387,116.0611,339.2,"N","2020-05-02",1516,"N",0,"2020-05-02 15:16:00","Mandurah","Western Australia",90306,1,16.8,17.9,33,0,0,0.7587,0.0488421842455864,234
-16.306,135.8982,344.5,"D","2020-11-08",141,"D",0,"2020-11-08 01:41:00",NA,NA,NA,1,39.5,12.5,10,87,0,0.2988,0.0444349236786366,85
-15.1283,144.7872,331,"D","2020-06-23",352,"D",0,"2020-06-23 03:52:00",NA,NA,NA,1,22.5,13.2,77,3,0,0.6604,0.12141739577055,127
-11.8069,142.0525,335.8,"D","2020-07-18",57,"D",0,"2020-07-18 00:57:00","Thursday Island","Queensland",2805,1,30.4,17.1,39,63,0,0.24,0.28187084197998,26
-11.6429,130.6821,329.6,"D","2020-08-25",158,"D",0,"2020-08-25 01:58:00","Darwin","Northern Territory",139902,1,31.7,21.4,15,0,0,0.5834,0.120957538485527,97
-16.7684,126.6978,324.1,"D","2020-05-13",536,"D",0,"2020-05-13 05:36:00",NA,NA,NA,1,26,16.3,14,0,0,0.3262,0.0617813691496849,539
-37.0979,147.5148,411.2,"D","2020-01-04",404,"D",0,"2020-01-04 04:04:00","Paynesville","Victoria",3480,1,15.6,13.4,73,8,0,0.3706,0.0710775926709175,1053
-31.4655,151.728,329.1,"D","2020-01-05",310,"D",0,"2020-01-05 03:10:00","Wingham","New South Wales",4556,1,22.5,18.1,66,80,0,0.41165,0.0550350695848465,1038
-36.613,141.0661,327.9,"D","2020-01-21",447,"D",0,"2020-01-21 04:47:00","Horsham","Victoria",15134,1,23,3.8,39,0,0,0.4031,0.0580229423940182,120
-37.6539,148.722,321.2,"D","2020-01-02",416,"D",0,"2020-01-02 04:16:00","Orbost","Victoria",2014,1,17.1,7.7,69,53,0,0.7699,0.138129845261574,205
-27.3524,149.1487,338.7,"D","2020-01-30",24,"D",0,"2020-01-30 00:24:00",NA,NA,NA,1,37.4,12.8,29,47,0,0.2091,0.128458335995674,295
-37.3015,149.9517,323.2,"D","2020-02-04",2350,"D",0,"2020-02-04 23:50:00","Eden","New South Wales",3151,1,21.5,14.8,55,0,0,0.2,0.181719794869423,101
-36.4954,148.1468,309.7,"N","2020-01-03",1425,"N",0,"2020-01-03 14:25:00","Jindabyne","New South Wales",2233,1,23.4,4.6,30,0,0,0.65725,0.0858697146177292,673
-28.1552,124.6016,340.7,"D","2020-11-21",114,"D",0,"2020-11-21 01:14:00",NA,NA,NA,1,40.2,10.7,13,28,0,0.1789,0.0285539329051971,362
-14.2688,127.1632,345.7,"D","2020-07-15",454,"D",0,"2020-07-15 04:54:00",NA,NA,NA,1,25.8,16.6,20,44,0,0.3209,0.109161362051964,175
-35.8658,149.0557,344.1,"N","2020-02-03",1342,"N",0,"2020-02-03 13:42:00","Canberra","Australian Capital Territory",381488,1,3.1,6.1,82,8,0,0.4942,0.118379905819893,1341
-35.5289,148.9173,346.2,"D","2020-02-03",417,"D",0,"2020-02-03 04:17:00","Canberra","Australian Capital Territory",381488,1,13.1,4.3,51,0,0,0.5889,0.155847117304802,1412
-15.3312,131.2752,319.1,"D","2020-06-01",429,"D",0,"2020-06-01 04:29:00",NA,NA,NA,1,32.5,15.1,22,13,0,0.3574,0.256304025650024,240
-12.7003,135.4152,328.1,"D","2020-07-29",506,"D",0,"2020-07-29 05:06:00",NA,NA,NA,1,23.2,15.9,52,0,0,0.5195,0.107824489474297,61
-13.6967,131.8968,336.3,"D","2020-04-28",153,"D",0,"2020-04-28 01:53:00","Palmerston","Northern Territory",33695,1,35,10.9,27,96,0,0.5944,0.179492712020874,144
-20.7322,139.4839,306.1,"N","2020-04-15",1605,"N",2,"2020-04-15 16:05:00",NA,NA,NA,1,23.2,13.8,34,16,0,0.1321,0.081715539097786,357
-35.5573,148.4854,336.9,"D","2020-01-10",2355,"D",0,"2020-01-10 23:55:00","Tumut","New South Wales",6230,1,18.8,8.4,63,30,0,0.7403,0.108009293675423,1140
-32.3152,119.3619,332.4,"D","2020-02-07",532,"D",0,"2020-02-07 05:32:00",NA,NA,NA,1,36.8,11.4,13,84,0,0.3855,0.0428755581378937,355
-15.2198,129.9949,332.2,"D","2020-04-28",153,"D",0,"2020-04-28 01:53:00",NA,NA,NA,1,35.6,11.2,15,0,0,0.5357,0.187262445688248,295
-12.6398,142.1413,345.3,"D","2020-10-07",429,"D",0,"2020-10-07 04:29:00",NA,NA,NA,1,31.3,22.3,39,3,0,0.5382,0.11761586368084,67
-42.3486,147.6153,309.2,"D","2020-03-16",452,"D",0,"2020-03-16 04:52:00","Dodges Ferry","Tasmania",2467,1,10.9,14.6,88,2,0,0.4692,0.275860965251923,383
-15.3846,144.8916,307.2,"N","2020-10-13",1317,"N",0,"2020-10-13 13:17:00","Mareeba","Queensland",8585,1,22.1,21.1,88,23,0,0.5514,0.142549827694893,210
-35.9024,148.3319,326.9,"N","2020-01-01",1259,"N",0,"2020-01-01 12:59:00","Jindabyne","New South Wales",2233,1,9.9,8.4,87,0,0,0.6879,0.119857832789421,1156
-36.8117,146.8981,342.7,"D","2020-01-16",429,"D",0,"2020-01-16 04:29:00","Mansfield","Victoria",3999,1,17.5,10.8,69,3,0,0.6748,0.0907838493585587,653
-37.4299,149.8883,320.2,"N","2020-02-03",1520,"N",0,"2020-02-03 15:20:00","Eden","New South Wales",3151,1,12.8,13.1,60,66,0,0.7641,0.185442596673965,102
-12.6537,135.2198,315.4,"D","2020-06-17",140,"D",0,"2020-06-17 01:40:00",NA,NA,NA,1,29.3,19.9,53,57,0.1,0.4157,0.134336248040199,17
-29.7103,114.999,432.7,"D","2020-12-13",634,"D",0,"2020-12-13 06:34:00","Drummond Cove","Western Australia",1477,1,18.8,16.3,57,4,0,0.5129,0.0697491317987442,41
-27.6104,147.2019,304.3,"N","2020-10-24",1255,"N",0,"2020-10-24 12:55:00",NA,NA,NA,1,18,10.2,83,47,0,0.2133,0.0521918758749962,224
-14.3817,129.7127,318.5,"D","2020-07-17",442,"D",0,"2020-07-17 04:42:00",NA,NA,NA,1,26.6,8.7,26,0,0,0.5802,0.0697569400072098,76
-34.6343,118.2901,383.8,"D","2020-07-29",639,"D",0,"2020-07-29 06:39:00",NA,NA,NA,1,11.6,8.2,81,18,0,0.4834,0.181136757135391,159
-35.7803,136.6102,360.5,"D","2020-01-08",518,"D",0,"2020-01-08 05:18:00",NA,NA,NA,1,27.7,12.8,21,0,0,0.6486,0,125
-31.902,121.4345,316.5,"N","2020-01-07",1402,"N",0,"2020-01-07 14:02:00","Boulder","Western Australia",4825,1,27.3,18.1,20,0,0,0.3451,0.0722385719418526,328
-16.5736,143.6281,343.7,"D","2020-11-17",422,"D",0,"2020-11-17 04:22:00",NA,NA,NA,1,35.8,19.2,17,0,0,0.3051,0.108251363039017,128
-11.7646,132.764,329.2,"D","2020-10-04",109,"D",0,"2020-10-04 01:09:00",NA,NA,NA,1,33.5,17.9,39,97,0,0.3414,0.105216450989246,23
-33.5575,147.5605,318.3,"D","2020-03-27",20,"D",0,"2020-03-27 00:20:00","West Wyalong","New South Wales",2698,1,26.3,12,34,81,0,0.4403,0.229855120182037,209
-15.31,127.8422,333.2,"D","2020-03-28",525,"D",0,"2020-03-28 05:25:00",NA,NA,NA,1,33.3,21.4,36,10,0,0.3985,0.150457173585892,314
-13.7879,131.479,335.2,"D","2020-09-22",512,"D",0,"2020-09-22 05:12:00","Palmerston","Northern Territory",33695,1,33.8,11,40,73,0,0.3849,0.055509228259325,85
-13.2954,131.8448,350.4,"D","2020-07-15",454,"D",0,"2020-07-15 04:54:00","Palmerston","Northern Territory",33695,1,30.3,7.4,31,86,0,0.4078,0.090416394174099,94
-25.2937,149.0421,302.7,"N","2020-08-06",1510,"N",0,"2020-08-06 15:10:00",NA,NA,NA,1,14,18.5,92,100,0,0.4345,0.0736272558569908,465
-13.0299,133.6371,320,"D","2020-06-13",454,"D",0,"2020-06-13 04:54:00",NA,NA,NA,1,29.5,16.8,39,4,0,0.5342,0.11701113730669,389
-11.2876,131.8388,303.8,"N","2020-08-08",1331,"N",0,"2020-08-08 13:31:00","Palmerston","Northern Territory",33695,1,24,9.2,94,96,0,0.7006,0.0999427363276482,15
-16.0503,136.3717,334.2,"D","2020-06-23",104,"D",0,"2020-06-23 01:04:00",NA,NA,NA,1,29.5,8.9,26,8,0,0.4593,0.100007988512516,15
-34.3985,119.0944,322.3,"D","2020-03-16",217,"D",0,"2020-03-16 02:17:00",NA,NA,NA,1,21.9,19.4,66,49,0,0.2629,0.0693185329437256,64
-17.3561,128.2438,332.3,"D","2020-04-18",542,"D",0,"2020-04-18 05:42:00",NA,NA,NA,1,34.9,6.9,20,5,0,0.3059,0.108536660671234,407
-33.0801,120.0406,501.7,"D","2020-02-08",615,"D",0,"2020-02-08 06:15:00",NA,NA,NA,1,35.2,8.2,15,99,0,0.3441,0.0450640395283699,385
-13.8165,134.7602,421,"D","2020-06-08",436,"D",0,"2020-06-08 04:36:00",NA,NA,NA,1,25.4,20,46,0,0,0.4048,0.0977013409137726,138
-22.72,147.6341,331.8,"D","2020-04-12",17,"D",0,"2020-04-12 00:17:00",NA,NA,NA,1,31.8,7.4,15,1,0,0.1054,0.239463955163956,278
-37.1496,149.929,319.9,"N","2020-01-13",1323,"N",0,"2020-01-13 13:23:00","Eden","New South Wales",3151,1,17.7,11.2,91,3,0,0.5968,0.183078274130821,152
-37.2993,149.367,327.9,"D","2020-01-11",410,"D",0,"2020-01-11 04:10:00","Eden","New South Wales",3151,1,13.7,19.1,68,89,0,0.2914,0.100115545094013,295
-24.1821,149.6586,306.9,"N","2020-10-31",1302,"N",0,"2020-10-31 13:02:00","Gladstone","Queensland",34703,1,18.5,4.7,93,0,0,0.5446,0.158671483397484,247
-16.7642,145.4561,327.7,"D","2020-10-30",434,"D",0,"2020-10-30 04:34:00","Mareeba","Queensland",8585,1,22,9.5,90,1,0,0.516,0.0803321897983551,506
-30.2645,152.1534,305.7,"D","2020-04-15",329,"D",0,"2020-04-15 03:29:00","Armidale","New South Wales",21312,1,16.6,10,69,9,0,0.7706,0.247701615095139,1198
-16.9703,138.9102,315.8,"D","2020-07-28",135,"D",0,"2020-07-28 01:35:00",NA,NA,NA,1,26,21.1,19,0,0,0.4016,0.151347830891609,5
-17.1898,145.3282,335.1,"D","2020-11-07",58,"D",0,"2020-11-07 00:58:00","Mareeba","Queensland",8585,1,31.7,15.1,35,28,0,0.2756,0.151712909340858,558
-29.026,151.4095,320.5,"D","2020-08-17",354,"D",0,"2020-08-17 03:54:00","Glen Innes","New South Wales",5184,1,10,7.9,66,1,0,0.459,0.165543958544731,545
-11.3603,132.2829,314.7,"D","2020-06-29",455,"D",0,"2020-06-29 04:55:00","Palmerston","Northern Territory",33695,1,25.1,7.3,57,98,0,0.625,0.180266529321671,57
-15.1025,143.6582,329.5,"N","2020-12-04",1252,"N",0,"2020-12-04 12:52:00",NA,NA,NA,1,23.5,10.8,79,0,0,0.2219,0.120686896145344,101
-30.1308,115.2596,319.9,"D","2020-05-22",527,"D",0,"2020-05-22 05:27:00","Drummond Cove","Western Australia",1477,1,21.1,6.4,25,0,0,0.4334,0.0764391720294952,200
-15.5089,143.4473,314.9,"D","2020-05-10",39,"D",0,"2020-05-10 00:39:00",NA,NA,NA,1,30,12.6,43,100,0,0.5835,0.207944184541702,164
-12.3447,135.4905,339.9,"D","2020-07-19",430,"D",0,"2020-07-19 04:30:00",NA,NA,NA,1,26.8,12.6,56,3,0,0.4825,0.201506912708282,71
-34.7017,150.4125,320.8,"N","2020-01-04",1507,"N",0,"2020-01-04 15:07:00","Moss Vale","New South Wales",8579,1,17.8,12.1,66,4,0,0.70025,0.0456783659756184,106
-15.7395,144.3759,341.4,"D","2020-07-09",352,"D",0,"2020-07-09 03:52:00","Mareeba","Queensland",8585,1,24,17.3,60,3,0,0.5244,0.118011616170406,212
-13.3373,142.3358,314.2,"D","2020-07-31",26,"D",0,"2020-07-31 00:26:00",NA,NA,NA,1,29.1,21.1,35,0,0,0.5711,0.134577676653862,74
-14.731,125.3963,302.3,"N","2020-05-25",1653,"N",0,"2020-05-25 16:53:00",NA,NA,NA,1,19.8,12.3,74,98,0,0.409,0.128304094076157,178
-35.6548,145.4921,337,"D","2020-12-08",435,"D",0,"2020-12-08 04:35:00","Numurkah","Victoria",3807,1,16.9,15.5,44,1,0,0.2489,0.0773346573114395,106
-15.1604,125.6303,323.9,"D","2020-05-13",537,"D",0,"2020-05-13 05:37:00",NA,NA,NA,1,26,7.1,24,0,0,0.5404,0.147577956318855,301
-28.5936,148.2843,324.1,"D","2020-05-11",407,"D",0,"2020-05-11 04:07:00","Walgett","New South Wales",1377,1,14.4,12.6,44,0,0,0.384,0.102265611290932,172
-14.1698,142.3565,305,"N","2020-11-23",1615,"N",0,"2020-11-23 16:15:00",NA,NA,NA,1,26.8,14,79,26,0,0.4835,0.0650286301970482,106
-11.9561,133.4431,317.7,"D","2020-07-09",103,"D",0,"2020-07-09 01:03:00",NA,NA,NA,1,32.8,15.8,34,100,0,0.5397,0.101534307003021,29
-25.439,149.8689,318.4,"D","2020-01-28",318,"D",0,"2020-01-28 03:18:00",NA,NA,NA,1,27,9,78,55,0.1,0.2469,0.153886467218399,234
-12.7244,131.4649,326.7,"D","2020-07-06",500,"D",0,"2020-07-06 05:00:00","Palmerston","Northern Territory",33695,1,28.1,7.5,34,2,0,0.5355,0.10845747590065,20
-17.4227,122.6244,324,"D","2020-05-08",518,"D",0,"2020-05-08 05:18:00",NA,NA,NA,1,30.6,17,44,0,0,0.5644,0.0831619426608086,181
-12.5395,130.7014,310.9,"D","2020-04-16",418,"D",0,"2020-04-16 04:18:00","Darwin","Northern Territory",139902,1,30.5,8.9,69,33,0,0.5606,0.344311773777008,20
-29.9703,124.6331,324.2,"D","2020-11-07",520,"D",0,"2020-11-07 05:20:00",NA,NA,NA,1,26,24,48,32,0,0.2191,0.0453395210206509,288
-14.103,141.9695,342.2,"D","2020-07-21",417,"D",0,"2020-07-21 04:17:00",NA,NA,NA,1,28,14.7,53,46,0,0.6086,0.118482448160648,32
-34.8072,150.3071,409.9,"D","2020-01-03",2349,"D",0,"2020-01-03 23:49:00","Bomaderry","New South Wales",6661,1,38.4,11.5,23,0,0,0.4953,0.0426625907421112,272
-16.7695,144.0893,306.6,"N","2020-11-20",1545,"N",0,"2020-11-20 15:45:00","Mareeba","Queensland",8585,1,24.9,13.4,67,0,0,0.3892,0.0676376223564148,230
-15.0182,130.1713,309.6,"D","2020-06-05",116,"D",0,"2020-06-05 01:16:00",NA,NA,NA,1,28.4,15.6,15,0,0,0.428,0.117050044238567,219
-32.4271,117.7954,320.8,"D","2020-03-23",640,"D",0,"2020-03-23 06:40:00",NA,NA,NA,1,21.5,11.5,39,81,0,0.1792,0.0644734650850296,316
-11.7464,130.0908,360.7,"D","2020-08-27",146,"D",0,"2020-08-27 01:46:00","Darwin","Northern Territory",139902,1,33.7,21.5,16,93,0,0.6432,0.107803903520107,31
-36.8747,149.5116,338.8,"D","2020-02-01",14,"D",0,"2020-02-01 00:14:00","Merimbula","New South Wales",3544,1,36.1,19.2,25,21,0,0.7488,0.180858418345451,811
-14.9839,127.7905,318.3,"D","2020-06-15",153,"D",0,"2020-06-15 01:53:00",NA,NA,NA,1,32.2,14.1,26,31,0,0.2643,0.0721415653824806,267
-36.817,147.9841,333.3,"D","2020-01-04",404,"D",0,"2020-01-04 04:04:00","Jindabyne","New South Wales",2233,1,17.8,11,72,65,0,0.6581,0.0750657320022583,1403
-16.3961,125.9153,340.1,"D","2020-11-12",542,"D",0,"2020-11-12 05:42:00",NA,NA,NA,1,29.6,26.1,51,45,0,0.2926,0.0577884763479233,562
-13.0149,132.3239,304.6,"D","2020-05-23",146,"D",0,"2020-05-23 01:46:00","Palmerston","Northern Territory",33695,1,20.9,14.8,60,99,0,0.5754,0.158218532800674,20
-35.4023,147.6564,303.1,"D","2020-04-24",2349,"D",0,"2020-04-24 23:49:00","Wagga Wagga","New South Wales",49686,1,13.4,2.3,83,0,0,0.6568,0.250800937414169,338
-13.1949,131.8288,303.2,"N","2020-07-14",1336,"N",0,"2020-07-14 13:36:00","Palmerston","Northern Territory",33695,1,19.6,11.4,44,0,0,0.4436,0.140634566545486,57
-35.892,147.5009,345.4,"D","2020-01-02",417,"D",0,"2020-01-02 04:17:00","Albury","New South Wales",4804,1,23.9,7.7,47,0,0,0.6321,0.0627067685127258,560
-32.5898,123.0814,365.6,"D","2020-01-08",520,"D",0,"2020-01-08 05:20:00",NA,NA,NA,1,29.8,7,55,78,0.1,0.409,0.093095101416111,249
-19.1819,146.0098,313.3,"D","2020-06-04",320,"D",0,"2020-06-04 03:20:00","Deeragun","Queensland",4250,1,17.8,13,64,9,0,0.4494,0.20253387093544,576
-11.758,130.8636,319.3,"D","2020-07-25",531,"D",0,"2020-07-25 05:31:00","Darwin","Northern Territory",139902,1,23.6,5.4,53,0,0,0.6366,0.134041309356689,109
-15.2451,125.4103,320.6,"D","2020-05-12",454,"D",0,"2020-05-12 04:54:00",NA,NA,NA,1,28.7,7.6,19,0,0,0.408,0.132743865251541,305
-32.6398,117.2776,338.7,"D","2020-04-02",539,"D",0,"2020-04-02 05:39:00","Mandurah","Western Australia",90306,1,18.8,22.9,54,64,0,0.2754,0.0829663723707199,342
-25.8123,147.0698,318.8,"N","2020-11-24",1212,"N",0,"2020-11-24 12:12:00",NA,NA,NA,1,22.7,7.7,47,1,0,0.3301,0.0807012319564819,551
-35.9003,136.8059,502.5,"D","2020-01-03",500,"D",0,"2020-01-03 05:00:00",NA,NA,NA,1,21.8,21.6,60,89,0,0.45835,0.0477310493588448,110
-37.5222,149.375,346.5,"N","2020-01-02",1341,"N",0,"2020-01-02 13:41:00","Eden","New South Wales",3151,1,13.9,14.1,87,0,0,0.7973,0.128902018070221,277
-37.577,149.2854,421.9,"N","2020-01-12",1240,"N",0,"2020-01-12 12:40:00","Orbost","Victoria",2014,1,12,13.6,80,2,0,0.0657,0.152790427207947,148
-36.8359,149.4752,308,"N","2020-01-30",1544,"N",0,"2020-01-30 15:44:00","Merimbula","New South Wales",3544,1,23.3,6,53,0,0,0.7046,0.149051740765572,818
-37.3273,149.4509,327.4,"N","2020-01-31",1311,"N",0,"2020-01-31 13:11:00","Eden","New South Wales",3151,1,25.4,13.8,54,84,0,0.6496,0.147874534130096,251
-22.3313,148.0285,304.4,"N","2020-11-28",1327,"N",0,"2020-11-28 13:27:00","Glenella","Queensland",4519,1,17.9,13.2,92,0,0,0.2759,0.0509431771934032,475
-16.8052,144.1306,337.6,"D","2020-11-24",428,"D",0,"2020-11-24 04:28:00","Mareeba","Queensland",8585,1,33.3,4.8,28,17,0,0.4025,0.0676254034042358,269
-17.2391,145.3403,335.2,"D","2020-11-08",428,"D",0,"2020-11-08 04:28:00","Mareeba","Queensland",8585,1,20.5,19.1,87,18,0,0.4317,0.158534482121468,772
-37.3828,149.0313,372.8,"N","2020-01-09",1526,"N",0,"2020-01-09 15:26:00","Orbost","Victoria",2014,1,21.2,16.1,62,79,0,0.5876,0.0928286463022232,286
-14.9515,127.8562,315.9,"D","2020-06-26",135,"D",0,"2020-06-26 01:35:00",NA,NA,NA,1,28.5,16,12,0,0,0.3701,0.063319206237793,319
-14.4832,132.6552,320.6,"D","2020-07-01",441,"D",0,"2020-07-01 04:41:00",NA,NA,NA,1,25.1,7.5,43,92,0,0.4201,0.087967611849308,223
-15.0338,125.9948,343.9,"D","2020-05-14",153,"D",0,"2020-05-14 01:53:00",NA,NA,NA,1,32.2,15.9,14,11,0,0.585,0.136386767029762,368
-34.0527,135.8439,318.6,"D","2020-04-22",513,"D",0,"2020-04-22 05:13:00",NA,NA,NA,1,18.5,6.1,54,0,0,0.243,0.0525034591555595,82
-37.7218,149.0424,315.3,"N","2020-01-02",1520,"N",0,"2020-01-02 15:20:00","Orbost","Victoria",2014,1,14.6,3.4,86,0,0,0.7487,0.0589397847652435,36
-12.4731,132.6974,334.9,"D","2020-06-03",418,"D",0,"2020-06-03 04:18:00","Palmerston","Northern Territory",33695,1,30.4,10.5,22,0,0,0.5774,0.246121063828468,42
-17.0319,144.7538,308.2,"N","2020-01-10",1603,"N",0,"2020-01-10 16:03:00","Mareeba","Queensland",8585,1,22.2,10.5,87,89,0,0.3251,0.113514445722103,703
-32.3733,123.5554,349.4,"N","2020-01-01",1438,"N",0,"2020-01-01 14:38:00",NA,NA,NA,1,25.2,27.3,22,0,0,0.3869,0.101347044110298,191
-11.4112,130.3605,328.1,"D","2020-07-29",507,"D",0,"2020-07-29 05:07:00","Darwin","Northern Territory",139902,1,27.1,0.4,29,52,0,0.6843,0.0980801731348038,26
-37.0246,149.4754,349.2,"D","2020-01-30",2331,"D",0,"2020-01-30 23:31:00","Eden","New South Wales",3151,1,30.7,4.5,27,0,0,0.6223,0.136311784386635,858
-21.2401,145.2484,334.2,"D","2020-11-20",28,"D",0,"2020-11-20 00:28:00","Charters Towers","Queensland",8040,1,34.8,27.5,21,2,0,0.2405,0.035856582224369,350
-21.1673,140.5191,333.5,"N","2020-11-19",1334,"N",0,"2020-11-19 13:34:00",NA,NA,NA,1,27.3,22.5,47,0,0,0.167,0.0610793642699718,366
-28.779,151.1788,311.2,"D","2020-07-19",6,"D",0,"2020-07-19 00:06:00","Inverell","New South Wales",9654,1,19.7,9.4,41,5,0,0.3251,0.104557804763317,321
-34.3172,150.3498,358,"D","2020-01-04",405,"D",0,"2020-01-04 04:05:00","Hill Top","New South Wales",2262,1,32.2,5.8,36,54,0,0.56385,0.0794457271695137,613
-32.8864,124.41,366.9,"D","2020-01-29",121,"D",0,"2020-01-29 01:21:00",NA,NA,NA,1,31.9,23.5,33,0,0,0.34,0.1031079813838,114
-17.2824,139.1736,321.5,"D","2020-09-15",40,"D",0,"2020-09-15 00:40:00",NA,NA,NA,1,29.3,17.1,39,0,0,0.3565,0.142156437039375,10
-37.3102,149.0477,326.3,"D","2020-01-24",339,"D",0,"2020-01-24 03:39:00","Orbost","Victoria",2014,1,13.8,8,85,100,0.1,0.7203,0.171568334102631,764
-13.541,133.954,321.2,"D","2020-05-11",122,"D",0,"2020-05-11 01:22:00",NA,NA,NA,1,31.8,19.4,28,80,0,0.6399,0.145256534218788,227
-29.9755,124.6006,335.6,"D","2020-11-09",228,"D",0,"2020-11-09 02:28:00",NA,NA,NA,1,40.2,39.2,7,2,0,0.2155,0.0449338592588902,279
-19.8122,144.709,334.5,"D","2020-11-28",403,"D",0,"2020-11-28 04:03:00","Charters Towers","Queensland",8040,1,27.8,12.7,34,0,0,0.3295,0.0568022094666958,778
-32.364,149.4653,345.5,"D","2020-02-19",418,"D",0,"2020-02-19 04:18:00","Mudgee","New South Wales",9830,1,19.1,12.5,51,2,0,0.2133,0.185779973864555,425
-12.6655,132.6754,323.3,"D","2020-06-01",430,"D",0,"2020-06-01 04:30:00","Palmerston","Northern Territory",33695,1,33.8,8.8,29,92,0,0.6473,0.141836300492287,21
-16.7549,125.4547,327.7,"D","2020-01-30",200,"D",0,"2020-01-30 02:00:00",NA,NA,NA,1,32.5,23.7,52,88,0,0.3289,0.171374037861824,432
-12.8663,142.6854,312.9,"N","2020-08-17",1324,"N",0,"2020-08-17 13:24:00",NA,NA,NA,1,19.7,3.7,98,5,0,0.4421,0.155465811491013,102
-16.9604,125.2553,304.9,"N","2020-04-30",1659,"N",0,"2020-04-30 16:59:00",NA,NA,NA,1,23.9,19.7,21,74,0,0.3434,0.27281466126442,396
-15.1788,145.0072,380.3,"D","2020-11-03",410,"D",0,"2020-11-03 04:10:00",NA,NA,NA,1,25.1,24.9,77,5,0,0.6829,0.118673965334892,141
-16.7092,143.998,333.9,"D","2020-07-18",58,"D",0,"2020-07-18 00:58:00","Mareeba","Queensland",8585,1,30.4,1.9,15,95,0,0.3469,0.0990780964493752,166
-35.987,150.062,330.1,"D","2020-01-24",340,"D",0,"2020-01-24 03:40:00","Narooma","New South Wales",2605,1,20.3,6.1,89,100,0.6,0.6983,0.190857261419296,86
-25.127,143.5994,310.5,"N","2020-08-14",1250,"N",0,"2020-08-14 12:50:00",NA,NA,NA,1,12.9,9.2,75,0,0,0.215,0.0814336612820625,164
-15.2084,142.8246,304.6,"N","2020-11-13",1234,"N",0,"2020-11-13 12:34:00",NA,NA,NA,1,25.1,11.2,81,6,0,0.3391,0.114007696509361,84
-13.4836,132.2405,323.7,"D","2020-05-31",525,"D",0,"2020-05-31 05:25:00","Palmerston","Northern Territory",33695,1,31.6,10.7,29,17,0,0.5828,0.152134507894516,136
-27.8705,121.7954,304.2,"N","2020-11-08",1702,"N",0,"2020-11-08 17:02:00",NA,NA,NA,1,23.8,15.6,25,0,0,0.1583,0.0551625192165375,461
-14.8806,126.7141,314,"D","2020-05-24",518,"D",0,"2020-05-24 05:18:00",NA,NA,NA,1,21.7,10.7,32,0,0,0.417,0.215743348002434,225
-15.7739,130.5024,316.6,"D","2020-06-17",429,"D",0,"2020-06-17 04:29:00",NA,NA,NA,1,30,18.5,20,0,0,0.3087,0.0922562628984451,116
-15.4473,136.1864,335,"D","2020-06-15",441,"D",0,"2020-06-15 04:41:00",NA,NA,NA,1,25.8,25.9,64,1,0,0.3549,0.0999587550759315,4
-16.6245,143.5759,329,"N","2020-11-16",1304,"N",0,"2020-11-16 13:04:00",NA,NA,NA,1,24.2,12.1,61,15,0,0.341,0.103989459574223,148
-13.0555,142.6046,364.1,"D","2020-07-23",405,"D",0,"2020-07-23 04:05:00",NA,NA,NA,1,25.9,17.5,61,52,0,0.5167,0.214455038309097,116
-35.8749,149.0624,331.8,"N","2020-02-02",1259,"N",0,"2020-02-02 12:59:00","Canberra","Australian Capital Territory",381488,1,8.7,7,72,87,0,0.4817,0.126504570245743,1531
-36.6314,147.8617,438.1,"D","2020-01-04",404,"D",0,"2020-01-04 04:04:00","Jindabyne","New South Wales",2233,1,20.4,10.5,65,36,0,0.5937,0.0655318051576614,1241
-32.1763,116.2844,312.9,"D","2020-05-14",615,"D",0,"2020-05-14 06:15:00","Perth","Western Australia",2141834,1,17.4,6.3,49,0,0,0.7015,0.0736898332834244,349
-21.3351,145.0039,327.4,"D","2020-03-19",350,"D",0,"2020-03-19 03:50:00",NA,NA,NA,1,28.9,18,39,92,0,0.4219,0.090269073843956,339
-12.9846,132.5037,325.2,"D","2020-10-13",103,"D",0,"2020-10-13 01:03:00","Palmerston","Northern Territory",33695,1,38.2,7.2,23,89,0,0.3147,0.151678994297981,25
-11.7824,130.1509,324.3,"D","2020-07-06",501,"D",0,"2020-07-06 05:01:00","Darwin","Northern Territory",139902,1,26.5,8.2,51,72,0,0.6903,0.105563625693321,47
-34.4641,150.8854,312.9,"D","2020-07-25",347,"D",2,"2020-07-25 03:47:00","Wollongong","New South Wales",261896,1,13.1,5.5,93,100,0.1,0.432,0.329701751470566,12
-18.0424,124.141,321.6,"D","2020-06-19",554,"D",0,"2020-06-19 05:54:00",NA,NA,NA,1,27.1,12.4,25,0,0,0.2869,0.203364253044128,133
-34.7177,150.455,323.6,"N","2020-01-04",1507,"N",0,"2020-01-04 15:07:00","Moss Vale","New South Wales",8579,1,17.2,10,65,24,0,0.5953,0.0456783659756184,262
-28.8562,152.4509,317.5,"D","2020-10-10",2341,"D",0,"2020-10-10 23:41:00","Casino","New South Wales",9968,1,21,5.6,51,65,0,0.7061,0.13859561085701,353
-20.0803,143.8954,308.9,"N","2020-12-09",1309,"N",0,"2020-12-09 13:09:00",NA,NA,NA,1,22.9,23.5,73,0,0,0.4458,0.0511771813035011,664
-14.913,144.7728,333.5,"D","2020-11-02",39,"D",0,"2020-11-02 00:39:00",NA,NA,NA,1,31.9,22.3,42,60,0,0.3201,0.0857253968715668,181
-16.7866,138.6611,318.1,"D","2020-05-15",58,"D",0,"2020-05-15 00:58:00",NA,NA,NA,1,28.7,23.8,55,73,0,0.1067,0,6
-24.1104,147.7452,303.1,"N","2020-11-11",1244,"N",0,"2020-11-11 12:44:00",NA,NA,NA,1,18,6.4,79,2,0,0.3493,0.0729080140590668,252
-32.6579,122.0794,354.3,"D","2020-01-08",241,"D",0,"2020-01-08 02:41:00","Esperance","Western Australia",2080,1,36.7,15.5,21,68,0,0.1919,0.103248655796051,283
-17.1035,144.8772,323.3,"D","2020-01-12",33,"D",0,"2020-01-12 00:33:00","Mareeba","Queensland",8585,1,32,23.6,28,4,0,0.4511,0.0719997808337212,883
-14.841,144.1141,330.7,"D","2020-05-28",27,"D",0,"2020-05-28 00:27:00",NA,NA,NA,1,29.4,4.8,47,0,0,0.6192,0.177458241581917,20
-11.8052,142.0583,341.4,"N","2020-07-25",1621,"N",0,"2020-07-25 16:21:00","Thursday Island","Queensland",2805,1,22.7,14.5,87,21,0,0.3209,0.274766266345978,23
-31.8226,116.6425,326.9,"D","2020-05-02",551,"D",0,"2020-05-02 05:51:00","Perth","Western Australia",2141834,1,17.6,11.4,32,0,0,0.3288,0.0552179254591465,339
-36.4828,149.9309,329.7,"D","2020-01-13",358,"D",0,"2020-01-13 03:58:00","Tathra","New South Wales",1523,1,19.4,14.2,79,5,0,0.4825,0.178329929709435,196
-38.02,143.3389,328.9,"D","2020-04-09",404,"D",0,"2020-04-09 04:04:00","Camperdown","Victoria",2884,1,16.8,9.4,73,6,0,0.4004,0.200643360614777,133
-30.7698,123.3045,351.8,"D","2020-01-01",514,"D",0,"2020-01-01 05:14:00",NA,NA,NA,1,38.3,15.2,12,0,0,0.2758,0.0567551217973232,311
-25.1371,149.6912,319.8,"D","2020-10-07",5,"D",0,"2020-10-07 00:05:00",NA,NA,NA,1,28.7,7.8,28,0,0,0.4986,0.0540744289755821,283
-14.8314,131.7972,309,"N","2020-09-21",1354,"N",0,"2020-09-21 13:54:00",NA,NA,NA,1,26.8,6.8,68,18,0,0.2415,0.0653957203030586,107
-11.9528,141.9857,308.9,"D","2020-08-01",109,"D",0,"2020-08-01 01:09:00","Thursday Island","Queensland",2805,1,29.1,23.2,40,38,0,0.6242,0.192836999893188,26
-33.2019,138.145,340.7,"D","2020-11-18",501,"D",0,"2020-11-18 05:01:00","Whyalla","South Australia",21501,1,27.2,5.1,22,87,0,0.2099,0.0830071121454239,142
-15.2112,125.2387,318.7,"D","2020-05-14",153,"D",0,"2020-05-14 01:53:00",NA,NA,NA,1,33.3,11.2,15,77,0,0.5272,0.136873632669449,173
-14.4019,126.7539,335.7,"D","2020-07-17",153,"D",0,"2020-07-17 01:53:00",NA,NA,NA,1,33.2,9.5,14,87,0,0.3884,0.117048971354961,127
-14.1117,142.4582,343.1,"D","2020-12-04",38,"D",0,"2020-12-04 00:38:00",NA,NA,NA,1,34.9,18.9,34,12,0,0.4114,0.0793683677911758,124
-13.6833,135.2931,316.3,"D","2020-07-16",359,"D",0,"2020-07-16 03:59:00",NA,NA,NA,1,26.3,12.8,39,0,0,0.5397,0.0954756289720535,122
-15.7019,136.2747,319.4,"D","2020-07-04",512,"D",0,"2020-07-04 05:12:00",NA,NA,NA,1,24.1,10.2,43,12,0,0.4827,0.0813676118850708,18
-37.6224,147.5333,301.3,"N","2020-01-03",1246,"N",0,"2020-01-03 12:46:00","Paynesville","Victoria",3480,1,17.6,13.3,45,0,0,0.62405,0.0790787115693092,342
-37.613,147.7615,324,"N","2020-01-01",1258,"N",0,"2020-01-01 12:58:00","Paynesville","Victoria",3480,1,11.6,6.3,79,0,0,0.7551,0.0601009950041771,260
-32.6725,150.9748,309.9,"N","2020-01-04",1330,"N",0,"2020-01-04 13:30:00","Cessnock","New South Wales",15177,1,19.9,12.6,54,2,0,0.542,0.0426591672003269,272
-35.4289,150.3886,380.7,"D","2020-01-04",404,"D",0,"2020-01-04 04:04:00","Mollymook","New South Wales",1083,1,22.8,15.1,70,36,0,0.62095,0.146892130374908,24
-31.4611,151.7615,333.3,"D","2020-01-05",310,"D",0,"2020-01-05 03:10:00","Wingham","New South Wales",4556,1,24.2,17.9,65,84,0,0.5237,0.0472155660390854,705
-24.7377,150.813,330.8,"D","2020-10-30",432,"D",0,"2020-10-30 04:32:00","Gladstone","Queensland",34703,1,22.8,13.8,70,1,0,0.348,0.120274782180786,390
-13.6903,134.931,330.2,"D","2020-07-22",500,"D",0,"2020-07-22 05:00:00",NA,NA,NA,1,24.6,15.6,36,0,0,0.4313,0.0729397386312485,118
-12.5044,135.8105,330.4,"D","2020-09-09",405,"D",0,"2020-09-09 04:05:00",NA,NA,NA,1,29.3,19.8,48,8,0,0.3327,0.0929819345474243,82
-36.023,149.7267,315.6,"N","2020-01-03",1246,"N",0,"2020-01-03 12:46:00","Narooma","New South Wales",2605,1,21,5.4,61,69,0,0.5223,0.125158801674843,799
-17.1249,143.1951,353.6,"D","2020-10-09",416,"D",0,"2020-10-09 04:16:00",NA,NA,NA,1,36,10.5,16,88,0,0.317,0.060193445533514,160
-15.6779,136.2503,333,"D","2020-09-03",441,"D",0,"2020-09-03 04:41:00",NA,NA,NA,1,25.8,12,65,0,0,0.4109,0.0421624593436718,18
-14.6434,132.5791,383.6,"D","2020-02-06",454,"D",0,"2020-02-06 04:54:00",NA,NA,NA,1,27,7.1,89,99,2.1,0.456,0.163230895996094,180
-16.3346,125.5665,328.5,"D","2020-04-27",537,"D",0,"2020-04-27 05:37:00",NA,NA,NA,1,28.5,9.2,36,0,0,0.4691,0.312187910079956,359
-19.116,146.1686,312.9,"D","2020-07-30",409,"D",0,"2020-07-30 04:09:00","Deeragun","Queensland",4250,1,17.6,5.9,67,0,0,0.5181,0.226943045854568,392
-14.4206,131.3008,330.5,"D","2020-09-12",147,"D",0,"2020-09-12 01:47:00",NA,NA,NA,1,35.7,13.1,14,89,0,0.3006,0.0542015507817268,162
-31.8604,115.8869,330,"D","2020-12-25",240,"D",2,"2020-12-25 02:40:00","Perth","Western Australia",2141834,1,36.1,25.4,23,63,0,0.1761,0.0598618797957897,37
-16.8732,137.0985,331.8,"D","2020-09-29",517,"D",0,"2020-09-29 05:17:00",NA,NA,NA,1,29.8,20.5,47,27,0,0.3362,0.0638293251395226,168
-36.8997,146.7046,302.7,"N","2020-01-01",1437,"N",0,"2020-01-01 14:37:00","Mansfield","Victoria",3999,1,13.1,8.2,73,0,0,0.7056,0.0794287472963333,445
-16.3119,136.5919,319.8,"D","2020-05-28",453,"D",0,"2020-05-28 04:53:00",NA,NA,NA,1,24.5,6.8,40,0,0,0.3095,0.104589998722076,50
-33.7883,150.4536,385.6,"D","2020-02-02",334,"D",0,"2020-02-02 03:34:00","Hazelbrook","New South Wales",4974,1,24.2,9.7,91,48,0.2,0.7515,0.120469845831394,547
-22.1724,118.2869,341.1,"D","2020-04-24",220,"D",0,"2020-04-24 02:20:00",NA,NA,NA,1,39.2,11.9,15,11,0,0.2527,0.0394448861479759,423
-32.7169,150.0607,320.2,"N","2020-01-05",1235,"N",0,"2020-01-05 12:35:00","Mudgee","New South Wales",9830,1,14.6,16.9,84,48,0,0.51525,0.0403848439455032,831
-14.0653,135.2978,328,"D","2020-07-17",442,"D",0,"2020-07-17 04:42:00",NA,NA,NA,1,24.1,12.6,42,86,0,0.4669,0.0755470991134644,41
-35.637,148.8635,313.6,"N","2020-01-31",1311,"N",0,"2020-01-31 13:11:00","Canberra","Australian Capital Territory",381488,1,23.1,11.8,52,3,0,0.5806,0.156405672430992,1231
-13.4365,132.8907,316.5,"D","2020-07-05",417,"D",0,"2020-07-05 04:17:00",NA,NA,NA,1,26,20.3,22,0,0,0.456,0.108497604727745,317
-19.9982,144.6338,331.4,"D","2020-11-06",16,"D",0,"2020-11-06 00:16:00","Charters Towers","Queensland",8040,1,34,9.7,19,3,0,0.3946,0.0679710805416107,867
-35.5846,148.6978,310.3,"N","2020-01-11",1513,"N",0,"2020-01-11 15:13:00","Canberra","Australian Capital Territory",381488,1,8.1,11.2,90,100,0,0.6494,0.106753021478653,1591
-27.8042,149.4869,300.3,"N","2020-03-16",1243,"N",0,"2020-03-16 12:43:00",NA,NA,NA,1,16.9,12.2,78,16,0,0.6399,0.171439439058304,268
-12.6035,135.9156,341.2,"D","2020-07-28",424,"D",0,"2020-07-28 04:24:00",NA,NA,NA,1,24.4,17.7,46,97,0,0.6561,0.113071337342262,66
-26.8814,149.3445,305.4,"N","2020-10-28",1231,"N",0,"2020-10-28 12:31:00",NA,NA,NA,1,14.6,8.8,35,0,0,0.2582,0.221239015460014,295
-30.9545,123.6955,383.3,"D","2020-01-02",557,"D",0,"2020-01-02 05:57:00",NA,NA,NA,1,36.5,19.7,18,0,0,0.3069,0.0558581724762917,286
-18.3675,142.4814,337.1,"D","2020-12-02",52,"D",0,"2020-12-02 00:52:00",NA,NA,NA,1,41,14.3,15,4,0,0.2431,0.0349039025604725,173
-27.6968,152.8861,316,"D","2020-04-26",312,"D",0,"2020-04-26 03:12:00","Ipswich","Queensland",232930,1,23.7,14.3,53,0,0,0.7132,0.194710612297058,137
-37.085,148.0922,313.2,"N","2020-01-02",1520,"N",0,"2020-01-02 15:20:00","Orbost","Victoria",2014,1,16.4,13.2,47,0,0,0.7973,0.0662313774228096,1347
-37.48,145.9915,327.9,"D","2020-03-26",352,"D",0,"2020-03-26 03:52:00","Mansfield","Victoria",3999,1,14.8,4.2,72,0,0,0.8256,0.160048797726631,672
-11.2338,132.4552,317.1,"D","2020-07-05",127,"D",0,"2020-07-05 01:27:00",NA,NA,NA,1,28,25.2,46,35,0,0.7184,0.1659966558218,21
-37.4466,149.1779,353.6,"N","2020-01-01",1258,"N",0,"2020-01-01 12:58:00","Orbost","Victoria",2014,1,11,8.9,94,2,0,0.7375,0.0806138962507248,317
-41.7037,148.009,349.6,"D","2020-01-04",403,"D",0,"2020-01-04 04:03:00","Evandale","Tasmania",1058,1,11.7,15.3,46,97,0,0.56615,0.0995661020278931,721
-14.8345,126.8417,326.5,"D","2020-05-05",159,"D",0,"2020-05-05 01:59:00",NA,NA,NA,1,34.2,16.6,16,97,0,0.4233,0.134577795863152,280
-25.0337,153.2755,334.5,"D","2020-10-31",337,"D",0,"2020-10-31 03:37:00","Scarness","Queensland",3519,1,24.1,15.5,85,16,0,0.789,0.0706071183085442,61
-21.6771,147.805,328.9,"D","2020-10-19",313,"D",0,"2020-10-19 03:13:00","Glenella","Queensland",4519,1,33.6,12.7,19,6,0,0.3064,0.176254719495773,287
-17.1246,145.3045,321.1,"D","2020-07-08",21,"D",0,"2020-07-08 00:21:00","Mareeba","Queensland",8585,1,23.6,24.2,51,95,0,0.4632,0.269165217876434,503
-37.1972,150.0046,380.8,"N","2020-01-04",1329,"N",0,"2020-01-04 13:29:00","Eden","New South Wales",3151,1,15.4,17.6,74,72,0,0.42945,0.157595038414001,53
-13.5308,132.2864,313.3,"D","2020-05-02",417,"D",0,"2020-05-02 04:17:00","Palmerston","Northern Territory",33695,1,30.5,13.8,21,0,0,0.4666,0.194438725709915,238
-14.4866,130.8144,341.3,"D","2020-11-16",518,"D",0,"2020-11-16 05:18:00",NA,NA,NA,1,31.6,7.4,44,47,0,0.4357,0.0862030312418938,279
-17.0534,122.4802,357.1,"D","2020-10-08",512,"D",0,"2020-10-08 05:12:00",NA,NA,NA,1,31.9,14.8,18,0,0,0.3477,0.0384739339351654,48
-16.209,136.2176,325.6,"D","2020-07-26",435,"D",0,"2020-07-26 04:35:00",NA,NA,NA,1,27,13.6,19,0,0,0.3703,0.0387406535446644,28
-28.307,150.4217,334.3,"N","2020-12-19",1517,"N",0,"2020-12-19 15:17:00","Moree","New South Wales",7070,1,24.5,16.3,79,92,0,0.2769,0.232579335570335,229
-14.6421,143.2319,323.1,"D","2020-06-03",417,"D",0,"2020-06-03 04:17:00",NA,NA,NA,1,25.9,10.9,49,51,0,0.5763,0.168215185403824,193
-12.1201,136.2455,304.5,"N","2020-08-31",1336,"N",0,"2020-08-31 13:36:00",NA,NA,NA,1,22.4,10.2,90,0,0,-0.9999,0.0607823505997658,22
-36.9718,147.3587,343.2,"N","2020-01-03",1246,"N",0,"2020-01-03 12:46:00","Albury","New South Wales",4804,1,16,11.1,37,0,0,0.60185,0.0851958021521568,1047
-22.3215,148.0791,357.4,"D","2020-11-30",350,"D",0,"2020-11-30 03:50:00","Glenella","Queensland",4519,1,31.4,20.5,34,0,0,0.4099,0.0521734803915024,432
-25.9845,147.4426,305.4,"N","2020-11-25",1255,"N",0,"2020-11-25 12:55:00",NA,NA,NA,1,22.1,15,63,0,0,0.3581,0.0698843821883202,588
-17.5146,142.0939,393.3,"D","2020-11-22",440,"D",0,"2020-11-22 04:40:00",NA,NA,NA,1,35.5,1.1,15,0,0,0.3141,0.0766520500183105,72
-37.4452,149.5277,334.1,"D","2020-01-03",2349,"D",0,"2020-01-03 23:49:00","Eden","New South Wales",3151,1,35.8,2.9,25,0,0,0.3683,0.120474845170975,105
-24.5966,146.6988,334.3,"N","2020-01-01",1302,"N",0,"2020-01-01 13:02:00",NA,NA,NA,1,23.4,13.5,60,0,0,0.3414,0.0695459023118019,575
-14.4672,130.5799,314.9,"D","2020-06-26",134,"D",0,"2020-06-26 01:34:00",NA,NA,NA,1,29.8,11.5,23,0,0,0.5014,0.0774459913372993,275
-25.3478,153.1154,403.8,"D","2020-11-29",23,"D",0,"2020-11-29 00:23:00","Scarness","Queensland",3519,1,28,15.7,47,0,0,0.7958,0.0684498697519302,128
-36.3969,145.278,317.6,"D","2020-04-16",411,"D",0,"2020-04-16 04:11:00","Tatura","Victoria",4259,1,19.1,11.1,52,10,0,0.7504,0.235867559909821,113
-17.1003,122.6569,331.5,"D","2020-10-08",512,"D",0,"2020-10-08 05:12:00",NA,NA,NA,1,33.2,15.9,17,0,0,0.3847,0.033157292753458,90
-35.4728,148.4599,351.2,"D","2020-01-13",358,"D",0,"2020-01-13 03:58:00","Tumut","New South Wales",6230,1,18.9,4.9,65,41,0,0.7264,0.0940513759851456,1283
-31.4774,151.2709,327.2,"D","2020-01-03",2348,"D",0,"2020-01-03 23:48:00","Quirindi","New South Wales",2602,1,28,15.3,36,0,0,0.59205,0.0510114766657352,1130
-14.1594,129.9725,322.4,"D","2020-08-25",159,"D",0,"2020-08-25 01:59:00",NA,NA,NA,1,37.2,19.9,10,0,0,0.4724,0.146861985325813,5
-14.5286,131.5658,336.3,"D","2020-07-24",448,"D",0,"2020-07-24 04:48:00",NA,NA,NA,1,26.5,9.4,31,0,0,0.3767,0.0791500210762024,121
-30.4686,151.0592,331.4,"D","2020-01-10",329,"D",0,"2020-01-10 03:29:00","Manilla","New South Wales",2014,1,31,12.6,30,67,0,0.3798,0.0483316071331501,899
-14.967,142.2671,317.4,"D","2020-07-05",128,"D",0,"2020-07-05 01:28:00",NA,NA,NA,1,30.3,17.4,33,44,0,0.3569,0.161125242710114,52
-27.6841,149.4151,339.1,"D","2020-11-28",400,"D",0,"2020-11-28 04:00:00",NA,NA,NA,1,32,7.2,18,0,0,0.2789,0.0731028467416763,254
-39.9047,148.1034,345.6,"D","2020-01-02",416,"D",0,"2020-01-02 04:16:00",NA,NA,NA,1,17.1,14.5,72,49,0,0.545,0.0878720283508301,5
-13.2791,133.3969,316.2,"D","2020-05-06",103,"D",0,"2020-05-06 01:03:00",NA,NA,NA,1,30.9,14.4,30,0,0,0.3441,0.143427088856697,384
-37.4169,149.4896,331.7,"D","2020-01-03",2349,"D",0,"2020-01-03 23:49:00","Eden","New South Wales",3151,1,35.8,2.9,25,0,0,0.40495,0.11916895955801,155
-14.9735,144.3399,316.5,"D","2020-10-23",2,"D",0,"2020-10-23 00:02:00",NA,NA,NA,1,36.8,7,26,26,0,0.4484,0.134279489517212,35
-21.4393,148.9625,340.8,"D","2020-10-30",10,"D",0,"2020-10-30 00:10:00","Mackay","Queensland",72900,1,32.3,15,26,0,0,0.5141,0.185011461377144,231
-11.4202,130.9923,313.2,"D","2020-07-08",448,"D",0,"2020-07-08 04:48:00","Darwin","Northern Territory",139902,1,25.4,6.4,53,0,0,0.6803,0.106751203536987,19
-34.4802,143.2122,315.4,"D","2020-08-04",424,"D",0,"2020-08-04 04:24:00","Red Cliffs","Victoria",3070,1,9.4,7.9,58,8,0,0.2458,0.0625093504786491,69
-14.8823,131.158,326.9,"D","2020-06-13",454,"D",0,"2020-06-13 04:54:00",NA,NA,NA,1,29.6,7.9,26,0,0,0.3752,0.0991120338439941,244
-32.7405,150.1234,393.9,"D","2020-01-04",405,"D",0,"2020-01-04 04:05:00","Mudgee","New South Wales",9830,1,33.8,5.4,20,14,0,0.4229,0.0400891453027725,738
-27.6836,153.0745,325.3,"D","2020-11-15",11,"D",2,"2020-11-15 00:11:00","Waterford","Queensland",6431,1,28.3,17.4,60,25,0,0.2831,0.162106066942215,42
-35.8306,149.2597,476.5,"D","2020-02-03",417,"D",0,"2020-02-03 04:17:00","Canberra","Australian Capital Territory",381488,1,11.3,18,57,1,0,0.4739,0.108728110790253,1150
-32.8716,124.1569,380.1,"D","2020-01-02",556,"D",0,"2020-01-02 05:56:00",NA,NA,NA,1,27,26.6,48,0,0,0.3325,0.0437550619244576,138
-14.4826,126.862,340.4,"D","2020-07-18",525,"D",0,"2020-07-18 05:25:00",NA,NA,NA,1,30,5.2,16,0,0,0.3085,0.109673961997032,80
-20.7437,148.6796,338.2,"D","2020-11-16",52,"D",0,"2020-11-16 00:52:00","Proserpine","Queensland",3440,1,27.5,12.7,66,3,0,0.381,0.168046087026596,36
-13.4845,131.5918,363.8,"D","2020-07-24",159,"D",0,"2020-07-24 01:59:00","Palmerston","Northern Territory",33695,1,32.5,8.4,21,0,0,0.3186,0.149736940860748,108
-35.5765,148.1587,319.4,"N","2020-01-02",1519,"N",0,"2020-01-02 15:19:00","Tumut","New South Wales",6230,1,14.6,5.4,71,1,0,0.7419,0.0596203953027725,980
-37.4563,149.8327,304.1,"N","2020-01-14",1544,"N",0,"2020-01-14 15:44:00","Eden","New South Wales",3151,1,20.9,17.7,81,24,0,0.6115,0.171908810734749,139
